coords,lat,lon
"15.4, -60.4",15.4,-60.4
"15.4, -60.425",15.4,-60.425
"15.4, -60.45",15.4,-60.45
"15.4, -60.475",15.4,-60.475
"15.4, -60.5",15.4,-60.5
"15.4, -60.525",15.4,-60.525
"15.4, -60.55",15.4,-60.55
"15.4, -60.575",15.4,-60.575
"15.4, -60.6",15.4,-60.6
"15.4, -60.625",15.4,-60.625
"15.4, -60.65",15.4,-60.65
"15.4, -60.675",15.4,-60.675
"15.4, -60.7",15.4,-60.7
"15.4, -60.725",15.4,-60.725
"15.4, -60.75",15.4,-60.75
"15.4, -60.775",15.4,-60.775
"15.4, -60.8",15.4,-60.8
"15.4, -60.825",15.4,-60.825
"15.4, -60.85",15.4,-60.85
"15.4, -60.875",15.4,-60.875
"15.4, -60.9",15.4,-60.9
"15.4, -60.925",15.4,-60.925
"15.4, -60.95",15.4,-60.95
"15.4, -60.975",15.4,-60.975
"15.4, -61",15.4,-61
"15.4, -61.025",15.4,-61.025
"15.4, -61.05",15.4,-61.05
"15.4, -61.075",15.4,-61.075
"15.4, -61.1",15.4,-61.1
"15.4, -61.125",15.4,-61.125
"15.4, -61.15",15.4,-61.15
"15.4, -61.175",15.4,-61.175
"15.4, -61.2",15.4,-61.2
"15.4, -61.225",15.4,-61.225
"15.4, -61.25",15.4,-61.25
"15.4, -61.275",15.4,-61.275
"15.4, -61.3",15.4,-61.3
"15.4, -61.325",15.4,-61.325
"15.4, -61.35",15.4,-61.35
"15.4, -61.375",15.4,-61.375
"15.4, -61.4",15.4,-61.4
"15.4, -61.425",15.4,-61.425
"15.4, -61.45",15.4,-61.45
"15.4, -61.475",15.4,-61.475
"15.4, -61.5",15.4,-61.5
"15.4, -61.525",15.4,-61.525
"15.4, -61.55",15.4,-61.55
"15.4, -61.575",15.4,-61.575
"15.4, -61.6",15.4,-61.6
"15.4, -61.625",15.4,-61.625
"15.4, -61.65",15.4,-61.65
"15.4, -61.675",15.4,-61.675
"15.4, -61.7",15.4,-61.7
"15.4, -61.725",15.4,-61.725
"15.4, -61.75",15.4,-61.75
"15.4, -61.775",15.4,-61.775
"15.4, -61.8",15.4,-61.8
"15.4, -61.825",15.4,-61.825
"15.4, -61.85",15.4,-61.85
"15.4, -61.875",15.4,-61.875
"15.4, -61.9",15.4,-61.9
"15.4, -61.925",15.4,-61.925
"15.4, -61.95",15.4,-61.95
"15.4, -61.975",15.4,-61.975
"15.4, -62",15.4,-62
"15.4, -62.025",15.4,-62.025
"15.4, -62.05",15.4,-62.05
"15.4, -62.075",15.4,-62.075
"15.4, -62.1",15.4,-62.1
"15.4, -62.125",15.4,-62.125
"15.4, -62.15",15.4,-62.15
"15.4, -62.175",15.4,-62.175
"15.4, -62.2",15.4,-62.2
"15.425, -60.4",15.425,-60.4
"15.425, -60.425",15.425,-60.425
"15.425, -60.45",15.425,-60.45
"15.425, -60.475",15.425,-60.475
"15.425, -60.5",15.425,-60.5
"15.425, -60.525",15.425,-60.525
"15.425, -60.55",15.425,-60.55
"15.425, -60.575",15.425,-60.575
"15.425, -60.6",15.425,-60.6
"15.425, -60.625",15.425,-60.625
"15.425, -60.65",15.425,-60.65
"15.425, -60.675",15.425,-60.675
"15.425, -60.7",15.425,-60.7
"15.425, -60.725",15.425,-60.725
"15.425, -60.75",15.425,-60.75
"15.425, -60.775",15.425,-60.775
"15.425, -60.8",15.425,-60.8
"15.425, -60.825",15.425,-60.825
"15.425, -60.85",15.425,-60.85
"15.425, -60.875",15.425,-60.875
"15.425, -60.9",15.425,-60.9
"15.425, -60.925",15.425,-60.925
"15.425, -60.95",15.425,-60.95
"15.425, -60.975",15.425,-60.975
"15.425, -61",15.425,-61
"15.425, -61.025",15.425,-61.025
"15.425, -61.05",15.425,-61.05
"15.425, -61.075",15.425,-61.075
"15.425, -61.1",15.425,-61.1
"15.425, -61.125",15.425,-61.125
"15.425, -61.15",15.425,-61.15
"15.425, -61.175",15.425,-61.175
"15.425, -61.2",15.425,-61.2
"15.425, -61.225",15.425,-61.225
"15.425, -61.25",15.425,-61.25
"15.425, -61.275",15.425,-61.275
"15.425, -61.3",15.425,-61.3
"15.425, -61.325",15.425,-61.325
"15.425, -61.35",15.425,-61.35
"15.425, -61.375",15.425,-61.375
"15.425, -61.4",15.425,-61.4
"15.425, -61.425",15.425,-61.425
"15.425, -61.45",15.425,-61.45
"15.425, -61.475",15.425,-61.475
"15.425, -61.5",15.425,-61.5
"15.425, -61.525",15.425,-61.525
"15.425, -61.55",15.425,-61.55
"15.425, -61.575",15.425,-61.575
"15.425, -61.6",15.425,-61.6
"15.425, -61.625",15.425,-61.625
"15.425, -61.65",15.425,-61.65
"15.425, -61.675",15.425,-61.675
"15.425, -61.7",15.425,-61.7
"15.425, -61.725",15.425,-61.725
"15.425, -61.75",15.425,-61.75
"15.425, -61.775",15.425,-61.775
"15.425, -61.8",15.425,-61.8
"15.425, -61.825",15.425,-61.825
"15.425, -61.85",15.425,-61.85
"15.425, -61.875",15.425,-61.875
"15.425, -61.9",15.425,-61.9
"15.425, -61.925",15.425,-61.925
"15.425, -61.95",15.425,-61.95
"15.425, -61.975",15.425,-61.975
"15.425, -62",15.425,-62
"15.425, -62.025",15.425,-62.025
"15.425, -62.05",15.425,-62.05
"15.425, -62.075",15.425,-62.075
"15.425, -62.1",15.425,-62.1
"15.425, -62.125",15.425,-62.125
"15.425, -62.15",15.425,-62.15
"15.425, -62.175",15.425,-62.175
"15.425, -62.2",15.425,-62.2
"15.45, -60.4",15.45,-60.4
"15.45, -60.425",15.45,-60.425
"15.45, -60.45",15.45,-60.45
"15.45, -60.475",15.45,-60.475
"15.45, -60.5",15.45,-60.5
"15.45, -60.525",15.45,-60.525
"15.45, -60.55",15.45,-60.55
"15.45, -60.575",15.45,-60.575
"15.45, -60.6",15.45,-60.6
"15.45, -60.625",15.45,-60.625
"15.45, -60.65",15.45,-60.65
"15.45, -60.675",15.45,-60.675
"15.45, -60.7",15.45,-60.7
"15.45, -60.725",15.45,-60.725
"15.45, -60.75",15.45,-60.75
"15.45, -60.775",15.45,-60.775
"15.45, -60.8",15.45,-60.8
"15.45, -60.825",15.45,-60.825
"15.45, -60.85",15.45,-60.85
"15.45, -60.875",15.45,-60.875
"15.45, -60.9",15.45,-60.9
"15.45, -60.925",15.45,-60.925
"15.45, -60.95",15.45,-60.95
"15.45, -60.975",15.45,-60.975
"15.45, -61",15.45,-61
"15.45, -61.025",15.45,-61.025
"15.45, -61.05",15.45,-61.05
"15.45, -61.075",15.45,-61.075
"15.45, -61.1",15.45,-61.1
"15.45, -61.125",15.45,-61.125
"15.45, -61.15",15.45,-61.15
"15.45, -61.175",15.45,-61.175
"15.45, -61.2",15.45,-61.2
"15.45, -61.225",15.45,-61.225
"15.45, -61.25",15.45,-61.25
"15.45, -61.275",15.45,-61.275
"15.45, -61.3",15.45,-61.3
"15.45, -61.325",15.45,-61.325
"15.45, -61.35",15.45,-61.35
"15.45, -61.375",15.45,-61.375
"15.45, -61.4",15.45,-61.4
"15.45, -61.425",15.45,-61.425
"15.45, -61.45",15.45,-61.45
"15.45, -61.475",15.45,-61.475
"15.45, -61.5",15.45,-61.5
"15.45, -61.525",15.45,-61.525
"15.45, -61.55",15.45,-61.55
"15.45, -61.575",15.45,-61.575
"15.45, -61.6",15.45,-61.6
"15.45, -61.625",15.45,-61.625
"15.45, -61.65",15.45,-61.65
"15.45, -61.675",15.45,-61.675
"15.45, -61.7",15.45,-61.7
"15.45, -61.725",15.45,-61.725
"15.45, -61.75",15.45,-61.75
"15.45, -61.775",15.45,-61.775
"15.45, -61.8",15.45,-61.8
"15.45, -61.825",15.45,-61.825
"15.45, -61.85",15.45,-61.85
"15.45, -61.875",15.45,-61.875
"15.45, -61.9",15.45,-61.9
"15.45, -61.925",15.45,-61.925
"15.45, -61.95",15.45,-61.95
"15.45, -61.975",15.45,-61.975
"15.45, -62",15.45,-62
"15.45, -62.025",15.45,-62.025
"15.45, -62.05",15.45,-62.05
"15.45, -62.075",15.45,-62.075
"15.45, -62.1",15.45,-62.1
"15.45, -62.125",15.45,-62.125
"15.45, -62.15",15.45,-62.15
"15.45, -62.175",15.45,-62.175
"15.45, -62.2",15.45,-62.2
"15.475, -60.4",15.475,-60.4
"15.475, -60.425",15.475,-60.425
"15.475, -60.45",15.475,-60.45
"15.475, -60.475",15.475,-60.475
"15.475, -60.5",15.475,-60.5
"15.475, -60.525",15.475,-60.525
"15.475, -60.55",15.475,-60.55
"15.475, -60.575",15.475,-60.575
"15.475, -60.6",15.475,-60.6
"15.475, -60.625",15.475,-60.625
"15.475, -60.65",15.475,-60.65
"15.475, -60.675",15.475,-60.675
"15.475, -60.7",15.475,-60.7
"15.475, -60.725",15.475,-60.725
"15.475, -60.75",15.475,-60.75
"15.475, -60.775",15.475,-60.775
"15.475, -60.8",15.475,-60.8
"15.475, -60.825",15.475,-60.825
"15.475, -60.85",15.475,-60.85
"15.475, -60.875",15.475,-60.875
"15.475, -60.9",15.475,-60.9
"15.475, -60.925",15.475,-60.925
"15.475, -60.95",15.475,-60.95
"15.475, -60.975",15.475,-60.975
"15.475, -61",15.475,-61
"15.475, -61.025",15.475,-61.025
"15.475, -61.05",15.475,-61.05
"15.475, -61.075",15.475,-61.075
"15.475, -61.1",15.475,-61.1
"15.475, -61.125",15.475,-61.125
"15.475, -61.15",15.475,-61.15
"15.475, -61.175",15.475,-61.175
"15.475, -61.2",15.475,-61.2
"15.475, -61.225",15.475,-61.225
"15.475, -61.25",15.475,-61.25
"15.475, -61.275",15.475,-61.275
"15.475, -61.3",15.475,-61.3
"15.475, -61.325",15.475,-61.325
"15.475, -61.35",15.475,-61.35
"15.475, -61.375",15.475,-61.375
"15.475, -61.4",15.475,-61.4
"15.475, -61.425",15.475,-61.425
"15.475, -61.45",15.475,-61.45
"15.475, -61.475",15.475,-61.475
"15.475, -61.5",15.475,-61.5
"15.475, -61.525",15.475,-61.525
"15.475, -61.55",15.475,-61.55
"15.475, -61.575",15.475,-61.575
"15.475, -61.6",15.475,-61.6
"15.475, -61.625",15.475,-61.625
"15.475, -61.65",15.475,-61.65
"15.475, -61.675",15.475,-61.675
"15.475, -61.7",15.475,-61.7
"15.475, -61.725",15.475,-61.725
"15.475, -61.75",15.475,-61.75
"15.475, -61.775",15.475,-61.775
"15.475, -61.8",15.475,-61.8
"15.475, -61.825",15.475,-61.825
"15.475, -61.85",15.475,-61.85
"15.475, -61.875",15.475,-61.875
"15.475, -61.9",15.475,-61.9
"15.475, -61.925",15.475,-61.925
"15.475, -61.95",15.475,-61.95
"15.475, -61.975",15.475,-61.975
"15.475, -62",15.475,-62
"15.475, -62.025",15.475,-62.025
"15.475, -62.05",15.475,-62.05
"15.475, -62.075",15.475,-62.075
"15.475, -62.1",15.475,-62.1
"15.475, -62.125",15.475,-62.125
"15.475, -62.15",15.475,-62.15
"15.475, -62.175",15.475,-62.175
"15.475, -62.2",15.475,-62.2
"15.5, -60.4",15.5,-60.4
"15.5, -60.425",15.5,-60.425
"15.5, -60.45",15.5,-60.45
"15.5, -60.475",15.5,-60.475
"15.5, -60.5",15.5,-60.5
"15.5, -60.525",15.5,-60.525
"15.5, -60.55",15.5,-60.55
"15.5, -60.575",15.5,-60.575
"15.5, -60.6",15.5,-60.6
"15.5, -60.625",15.5,-60.625
"15.5, -60.65",15.5,-60.65
"15.5, -60.675",15.5,-60.675
"15.5, -60.7",15.5,-60.7
"15.5, -60.725",15.5,-60.725
"15.5, -60.75",15.5,-60.75
"15.5, -60.775",15.5,-60.775
"15.5, -60.8",15.5,-60.8
"15.5, -60.825",15.5,-60.825
"15.5, -60.85",15.5,-60.85
"15.5, -60.875",15.5,-60.875
"15.5, -60.9",15.5,-60.9
"15.5, -60.925",15.5,-60.925
"15.5, -60.95",15.5,-60.95
"15.5, -60.975",15.5,-60.975
"15.5, -61",15.5,-61
"15.5, -61.025",15.5,-61.025
"15.5, -61.05",15.5,-61.05
"15.5, -61.075",15.5,-61.075
"15.5, -61.1",15.5,-61.1
"15.5, -61.125",15.5,-61.125
"15.5, -61.15",15.5,-61.15
"15.5, -61.175",15.5,-61.175
"15.5, -61.2",15.5,-61.2
"15.5, -61.225",15.5,-61.225
"15.5, -61.25",15.5,-61.25
"15.5, -61.275",15.5,-61.275
"15.5, -61.3",15.5,-61.3
"15.5, -61.325",15.5,-61.325
"15.5, -61.35",15.5,-61.35
"15.5, -61.375",15.5,-61.375
"15.5, -61.4",15.5,-61.4
"15.5, -61.425",15.5,-61.425
"15.5, -61.45",15.5,-61.45
"15.5, -61.475",15.5,-61.475
"15.5, -61.5",15.5,-61.5
"15.5, -61.525",15.5,-61.525
"15.5, -61.55",15.5,-61.55
"15.5, -61.575",15.5,-61.575
"15.5, -61.6",15.5,-61.6
"15.5, -61.625",15.5,-61.625
"15.5, -61.65",15.5,-61.65
"15.5, -61.675",15.5,-61.675
"15.5, -61.7",15.5,-61.7
"15.5, -61.725",15.5,-61.725
"15.5, -61.75",15.5,-61.75
"15.5, -61.775",15.5,-61.775
"15.5, -61.8",15.5,-61.8
"15.5, -61.825",15.5,-61.825
"15.5, -61.85",15.5,-61.85
"15.5, -61.875",15.5,-61.875
"15.5, -61.9",15.5,-61.9
"15.5, -61.925",15.5,-61.925
"15.5, -61.95",15.5,-61.95
"15.5, -61.975",15.5,-61.975
"15.5, -62",15.5,-62
"15.5, -62.025",15.5,-62.025
"15.5, -62.05",15.5,-62.05
"15.5, -62.075",15.5,-62.075
"15.5, -62.1",15.5,-62.1
"15.5, -62.125",15.5,-62.125
"15.5, -62.15",15.5,-62.15
"15.5, -62.175",15.5,-62.175
"15.5, -62.2",15.5,-62.2
"15.525, -60.4",15.525,-60.4
"15.525, -60.425",15.525,-60.425
"15.525, -60.45",15.525,-60.45
"15.525, -60.475",15.525,-60.475
"15.525, -60.5",15.525,-60.5
"15.525, -60.525",15.525,-60.525
"15.525, -60.55",15.525,-60.55
"15.525, -60.575",15.525,-60.575
"15.525, -60.6",15.525,-60.6
"15.525, -60.625",15.525,-60.625
"15.525, -60.65",15.525,-60.65
"15.525, -60.675",15.525,-60.675
"15.525, -60.7",15.525,-60.7
"15.525, -60.725",15.525,-60.725
"15.525, -60.75",15.525,-60.75
"15.525, -60.775",15.525,-60.775
"15.525, -60.8",15.525,-60.8
"15.525, -60.825",15.525,-60.825
"15.525, -60.85",15.525,-60.85
"15.525, -60.875",15.525,-60.875
"15.525, -60.9",15.525,-60.9
"15.525, -60.925",15.525,-60.925
"15.525, -60.95",15.525,-60.95
"15.525, -60.975",15.525,-60.975
"15.525, -61",15.525,-61
"15.525, -61.025",15.525,-61.025
"15.525, -61.05",15.525,-61.05
"15.525, -61.075",15.525,-61.075
"15.525, -61.1",15.525,-61.1
"15.525, -61.125",15.525,-61.125
"15.525, -61.15",15.525,-61.15
"15.525, -61.175",15.525,-61.175
"15.525, -61.2",15.525,-61.2
"15.525, -61.225",15.525,-61.225
"15.525, -61.25",15.525,-61.25
"15.525, -61.275",15.525,-61.275
"15.525, -61.3",15.525,-61.3
"15.525, -61.325",15.525,-61.325
"15.525, -61.35",15.525,-61.35
"15.525, -61.375",15.525,-61.375
"15.525, -61.4",15.525,-61.4
"15.525, -61.425",15.525,-61.425
"15.525, -61.45",15.525,-61.45
"15.525, -61.475",15.525,-61.475
"15.525, -61.5",15.525,-61.5
"15.525, -61.525",15.525,-61.525
"15.525, -61.55",15.525,-61.55
"15.525, -61.575",15.525,-61.575
"15.525, -61.6",15.525,-61.6
"15.525, -61.625",15.525,-61.625
"15.525, -61.65",15.525,-61.65
"15.525, -61.675",15.525,-61.675
"15.525, -61.7",15.525,-61.7
"15.525, -61.725",15.525,-61.725
"15.525, -61.75",15.525,-61.75
"15.525, -61.775",15.525,-61.775
"15.525, -61.8",15.525,-61.8
"15.525, -61.825",15.525,-61.825
"15.525, -61.85",15.525,-61.85
"15.525, -61.875",15.525,-61.875
"15.525, -61.9",15.525,-61.9
"15.525, -61.925",15.525,-61.925
"15.525, -61.95",15.525,-61.95
"15.525, -61.975",15.525,-61.975
"15.525, -62",15.525,-62
"15.525, -62.025",15.525,-62.025
"15.525, -62.05",15.525,-62.05
"15.525, -62.075",15.525,-62.075
"15.525, -62.1",15.525,-62.1
"15.525, -62.125",15.525,-62.125
"15.525, -62.15",15.525,-62.15
"15.525, -62.175",15.525,-62.175
"15.525, -62.2",15.525,-62.2
"15.55, -60.4",15.55,-60.4
"15.55, -60.425",15.55,-60.425
"15.55, -60.45",15.55,-60.45
"15.55, -60.475",15.55,-60.475
"15.55, -60.5",15.55,-60.5
"15.55, -60.525",15.55,-60.525
"15.55, -60.55",15.55,-60.55
"15.55, -60.575",15.55,-60.575
"15.55, -60.6",15.55,-60.6
"15.55, -60.625",15.55,-60.625
"15.55, -60.65",15.55,-60.65
"15.55, -60.675",15.55,-60.675
"15.55, -60.7",15.55,-60.7
"15.55, -60.725",15.55,-60.725
"15.55, -60.75",15.55,-60.75
"15.55, -60.775",15.55,-60.775
"15.55, -60.8",15.55,-60.8
"15.55, -60.825",15.55,-60.825
"15.55, -60.85",15.55,-60.85
"15.55, -60.875",15.55,-60.875
"15.55, -60.9",15.55,-60.9
"15.55, -60.925",15.55,-60.925
"15.55, -60.95",15.55,-60.95
"15.55, -60.975",15.55,-60.975
"15.55, -61",15.55,-61
"15.55, -61.025",15.55,-61.025
"15.55, -61.05",15.55,-61.05
"15.55, -61.075",15.55,-61.075
"15.55, -61.1",15.55,-61.1
"15.55, -61.125",15.55,-61.125
"15.55, -61.15",15.55,-61.15
"15.55, -61.175",15.55,-61.175
"15.55, -61.2",15.55,-61.2
"15.55, -61.225",15.55,-61.225
"15.55, -61.25",15.55,-61.25
"15.55, -61.275",15.55,-61.275
"15.55, -61.3",15.55,-61.3
"15.55, -61.325",15.55,-61.325
"15.55, -61.35",15.55,-61.35
"15.55, -61.375",15.55,-61.375
"15.55, -61.4",15.55,-61.4
"15.55, -61.425",15.55,-61.425
"15.55, -61.45",15.55,-61.45
"15.55, -61.475",15.55,-61.475
"15.55, -61.5",15.55,-61.5
"15.55, -61.525",15.55,-61.525
"15.55, -61.55",15.55,-61.55
"15.55, -61.575",15.55,-61.575
"15.55, -61.6",15.55,-61.6
"15.55, -61.625",15.55,-61.625
"15.55, -61.65",15.55,-61.65
"15.55, -61.675",15.55,-61.675
"15.55, -61.7",15.55,-61.7
"15.55, -61.725",15.55,-61.725
"15.55, -61.75",15.55,-61.75
"15.55, -61.775",15.55,-61.775
"15.55, -61.8",15.55,-61.8
"15.55, -61.825",15.55,-61.825
"15.55, -61.85",15.55,-61.85
"15.55, -61.875",15.55,-61.875
"15.55, -61.9",15.55,-61.9
"15.55, -61.925",15.55,-61.925
"15.55, -61.95",15.55,-61.95
"15.55, -61.975",15.55,-61.975
"15.55, -62",15.55,-62
"15.55, -62.025",15.55,-62.025
"15.55, -62.05",15.55,-62.05
"15.55, -62.075",15.55,-62.075
"15.55, -62.1",15.55,-62.1
"15.55, -62.125",15.55,-62.125
"15.55, -62.15",15.55,-62.15
"15.55, -62.175",15.55,-62.175
"15.55, -62.2",15.55,-62.2
"15.575, -60.4",15.575,-60.4
"15.575, -60.425",15.575,-60.425
"15.575, -60.45",15.575,-60.45
"15.575, -60.475",15.575,-60.475
"15.575, -60.5",15.575,-60.5
"15.575, -60.525",15.575,-60.525
"15.575, -60.55",15.575,-60.55
"15.575, -60.575",15.575,-60.575
"15.575, -60.6",15.575,-60.6
"15.575, -60.625",15.575,-60.625
"15.575, -60.65",15.575,-60.65
"15.575, -60.675",15.575,-60.675
"15.575, -60.7",15.575,-60.7
"15.575, -60.725",15.575,-60.725
"15.575, -60.75",15.575,-60.75
"15.575, -60.775",15.575,-60.775
"15.575, -60.8",15.575,-60.8
"15.575, -60.825",15.575,-60.825
"15.575, -60.85",15.575,-60.85
"15.575, -60.875",15.575,-60.875
"15.575, -60.9",15.575,-60.9
"15.575, -60.925",15.575,-60.925
"15.575, -60.95",15.575,-60.95
"15.575, -60.975",15.575,-60.975
"15.575, -61",15.575,-61
"15.575, -61.025",15.575,-61.025
"15.575, -61.05",15.575,-61.05
"15.575, -61.075",15.575,-61.075
"15.575, -61.1",15.575,-61.1
"15.575, -61.125",15.575,-61.125
"15.575, -61.15",15.575,-61.15
"15.575, -61.175",15.575,-61.175
"15.575, -61.2",15.575,-61.2
"15.575, -61.225",15.575,-61.225
"15.575, -61.25",15.575,-61.25
"15.575, -61.275",15.575,-61.275
"15.575, -61.3",15.575,-61.3
"15.575, -61.325",15.575,-61.325
"15.575, -61.35",15.575,-61.35
"15.575, -61.375",15.575,-61.375
"15.575, -61.4",15.575,-61.4
"15.575, -61.425",15.575,-61.425
"15.575, -61.45",15.575,-61.45
"15.575, -61.475",15.575,-61.475
"15.575, -61.5",15.575,-61.5
"15.575, -61.525",15.575,-61.525
"15.575, -61.55",15.575,-61.55
"15.575, -61.575",15.575,-61.575
"15.575, -61.6",15.575,-61.6
"15.575, -61.625",15.575,-61.625
"15.575, -61.65",15.575,-61.65
"15.575, -61.675",15.575,-61.675
"15.575, -61.7",15.575,-61.7
"15.575, -61.725",15.575,-61.725
"15.575, -61.75",15.575,-61.75
"15.575, -61.775",15.575,-61.775
"15.575, -61.8",15.575,-61.8
"15.575, -61.825",15.575,-61.825
"15.575, -61.85",15.575,-61.85
"15.575, -61.875",15.575,-61.875
"15.575, -61.9",15.575,-61.9
"15.575, -61.925",15.575,-61.925
"15.575, -61.95",15.575,-61.95
"15.575, -61.975",15.575,-61.975
"15.575, -62",15.575,-62
"15.575, -62.025",15.575,-62.025
"15.575, -62.05",15.575,-62.05
"15.575, -62.075",15.575,-62.075
"15.575, -62.1",15.575,-62.1
"15.575, -62.125",15.575,-62.125
"15.575, -62.15",15.575,-62.15
"15.575, -62.175",15.575,-62.175
"15.575, -62.2",15.575,-62.2
"15.6, -60.4",15.6,-60.4
"15.6, -60.425",15.6,-60.425
"15.6, -60.45",15.6,-60.45
"15.6, -60.475",15.6,-60.475
"15.6, -60.5",15.6,-60.5
"15.6, -60.525",15.6,-60.525
"15.6, -60.55",15.6,-60.55
"15.6, -60.575",15.6,-60.575
"15.6, -60.6",15.6,-60.6
"15.6, -60.625",15.6,-60.625
"15.6, -60.65",15.6,-60.65
"15.6, -60.675",15.6,-60.675
"15.6, -60.7",15.6,-60.7
"15.6, -60.725",15.6,-60.725
"15.6, -60.75",15.6,-60.75
"15.6, -60.775",15.6,-60.775
"15.6, -60.8",15.6,-60.8
"15.6, -60.825",15.6,-60.825
"15.6, -60.85",15.6,-60.85
"15.6, -60.875",15.6,-60.875
"15.6, -60.9",15.6,-60.9
"15.6, -60.925",15.6,-60.925
"15.6, -60.95",15.6,-60.95
"15.6, -60.975",15.6,-60.975
"15.6, -61",15.6,-61
"15.6, -61.025",15.6,-61.025
"15.6, -61.05",15.6,-61.05
"15.6, -61.075",15.6,-61.075
"15.6, -61.1",15.6,-61.1
"15.6, -61.125",15.6,-61.125
"15.6, -61.15",15.6,-61.15
"15.6, -61.175",15.6,-61.175
"15.6, -61.2",15.6,-61.2
"15.6, -61.225",15.6,-61.225
"15.6, -61.25",15.6,-61.25
"15.6, -61.275",15.6,-61.275
"15.6, -61.3",15.6,-61.3
"15.6, -61.325",15.6,-61.325
"15.6, -61.35",15.6,-61.35
"15.6, -61.375",15.6,-61.375
"15.6, -61.4",15.6,-61.4
"15.6, -61.425",15.6,-61.425
"15.6, -61.45",15.6,-61.45
"15.6, -61.475",15.6,-61.475
"15.6, -61.5",15.6,-61.5
"15.6, -61.525",15.6,-61.525
"15.6, -61.55",15.6,-61.55
"15.6, -61.575",15.6,-61.575
"15.6, -61.6",15.6,-61.6
"15.6, -61.625",15.6,-61.625
"15.6, -61.65",15.6,-61.65
"15.6, -61.675",15.6,-61.675
"15.6, -61.7",15.6,-61.7
"15.6, -61.725",15.6,-61.725
"15.6, -61.75",15.6,-61.75
"15.6, -61.775",15.6,-61.775
"15.6, -61.8",15.6,-61.8
"15.6, -61.825",15.6,-61.825
"15.6, -61.85",15.6,-61.85
"15.6, -61.875",15.6,-61.875
"15.6, -61.9",15.6,-61.9
"15.6, -61.925",15.6,-61.925
"15.6, -61.95",15.6,-61.95
"15.6, -61.975",15.6,-61.975
"15.6, -62",15.6,-62
"15.6, -62.025",15.6,-62.025
"15.6, -62.05",15.6,-62.05
"15.6, -62.075",15.6,-62.075
"15.6, -62.1",15.6,-62.1
"15.6, -62.125",15.6,-62.125
"15.6, -62.15",15.6,-62.15
"15.6, -62.175",15.6,-62.175
"15.6, -62.2",15.6,-62.2
"15.625, -60.4",15.625,-60.4
"15.625, -60.425",15.625,-60.425
"15.625, -60.45",15.625,-60.45
"15.625, -60.475",15.625,-60.475
"15.625, -60.5",15.625,-60.5
"15.625, -60.525",15.625,-60.525
"15.625, -60.55",15.625,-60.55
"15.625, -60.575",15.625,-60.575
"15.625, -60.6",15.625,-60.6
"15.625, -60.625",15.625,-60.625
"15.625, -60.65",15.625,-60.65
"15.625, -60.675",15.625,-60.675
"15.625, -60.7",15.625,-60.7
"15.625, -60.725",15.625,-60.725
"15.625, -60.75",15.625,-60.75
"15.625, -60.775",15.625,-60.775
"15.625, -60.8",15.625,-60.8
"15.625, -60.825",15.625,-60.825
"15.625, -60.85",15.625,-60.85
"15.625, -60.875",15.625,-60.875
"15.625, -60.9",15.625,-60.9
"15.625, -60.925",15.625,-60.925
"15.625, -60.95",15.625,-60.95
"15.625, -60.975",15.625,-60.975
"15.625, -61",15.625,-61
"15.625, -61.025",15.625,-61.025
"15.625, -61.05",15.625,-61.05
"15.625, -61.075",15.625,-61.075
"15.625, -61.1",15.625,-61.1
"15.625, -61.125",15.625,-61.125
"15.625, -61.15",15.625,-61.15
"15.625, -61.175",15.625,-61.175
"15.625, -61.2",15.625,-61.2
"15.625, -61.225",15.625,-61.225
"15.625, -61.25",15.625,-61.25
"15.625, -61.275",15.625,-61.275
"15.625, -61.3",15.625,-61.3
"15.625, -61.325",15.625,-61.325
"15.625, -61.35",15.625,-61.35
"15.625, -61.375",15.625,-61.375
"15.625, -61.4",15.625,-61.4
"15.625, -61.425",15.625,-61.425
"15.625, -61.45",15.625,-61.45
"15.625, -61.475",15.625,-61.475
"15.625, -61.5",15.625,-61.5
"15.625, -61.525",15.625,-61.525
"15.625, -61.55",15.625,-61.55
"15.625, -61.575",15.625,-61.575
"15.625, -61.6",15.625,-61.6
"15.625, -61.625",15.625,-61.625
"15.625, -61.65",15.625,-61.65
"15.625, -61.675",15.625,-61.675
"15.625, -61.7",15.625,-61.7
"15.625, -61.725",15.625,-61.725
"15.625, -61.75",15.625,-61.75
"15.625, -61.775",15.625,-61.775
"15.625, -61.8",15.625,-61.8
"15.625, -61.825",15.625,-61.825
"15.625, -61.85",15.625,-61.85
"15.625, -61.875",15.625,-61.875
"15.625, -61.9",15.625,-61.9
"15.625, -61.925",15.625,-61.925
"15.625, -61.95",15.625,-61.95
"15.625, -61.975",15.625,-61.975
"15.625, -62",15.625,-62
"15.625, -62.025",15.625,-62.025
"15.625, -62.05",15.625,-62.05
"15.625, -62.075",15.625,-62.075
"15.625, -62.1",15.625,-62.1
"15.625, -62.125",15.625,-62.125
"15.625, -62.15",15.625,-62.15
"15.625, -62.175",15.625,-62.175
"15.625, -62.2",15.625,-62.2
"15.65, -60.4",15.65,-60.4
"15.65, -60.425",15.65,-60.425
"15.65, -60.45",15.65,-60.45
"15.65, -60.475",15.65,-60.475
"15.65, -60.5",15.65,-60.5
"15.65, -60.525",15.65,-60.525
"15.65, -60.55",15.65,-60.55
"15.65, -60.575",15.65,-60.575
"15.65, -60.6",15.65,-60.6
"15.65, -60.625",15.65,-60.625
"15.65, -60.65",15.65,-60.65
"15.65, -60.675",15.65,-60.675
"15.65, -60.7",15.65,-60.7
"15.65, -60.725",15.65,-60.725
"15.65, -60.75",15.65,-60.75
"15.65, -60.775",15.65,-60.775
"15.65, -60.8",15.65,-60.8
"15.65, -60.825",15.65,-60.825
"15.65, -60.85",15.65,-60.85
"15.65, -60.875",15.65,-60.875
"15.65, -60.9",15.65,-60.9
"15.65, -60.925",15.65,-60.925
"15.65, -60.95",15.65,-60.95
"15.65, -60.975",15.65,-60.975
"15.65, -61",15.65,-61
"15.65, -61.025",15.65,-61.025
"15.65, -61.05",15.65,-61.05
"15.65, -61.075",15.65,-61.075
"15.65, -61.1",15.65,-61.1
"15.65, -61.125",15.65,-61.125
"15.65, -61.15",15.65,-61.15
"15.65, -61.175",15.65,-61.175
"15.65, -61.2",15.65,-61.2
"15.65, -61.225",15.65,-61.225
"15.65, -61.25",15.65,-61.25
"15.65, -61.275",15.65,-61.275
"15.65, -61.3",15.65,-61.3
"15.65, -61.325",15.65,-61.325
"15.65, -61.35",15.65,-61.35
"15.65, -61.375",15.65,-61.375
"15.65, -61.4",15.65,-61.4
"15.65, -61.425",15.65,-61.425
"15.65, -61.45",15.65,-61.45
"15.65, -61.475",15.65,-61.475
"15.65, -61.5",15.65,-61.5
"15.65, -61.525",15.65,-61.525
"15.65, -61.55",15.65,-61.55
"15.65, -61.575",15.65,-61.575
"15.65, -61.6",15.65,-61.6
"15.65, -61.625",15.65,-61.625
"15.65, -61.65",15.65,-61.65
"15.65, -61.675",15.65,-61.675
"15.65, -61.7",15.65,-61.7
"15.65, -61.725",15.65,-61.725
"15.65, -61.75",15.65,-61.75
"15.65, -61.775",15.65,-61.775
"15.65, -61.8",15.65,-61.8
"15.65, -61.825",15.65,-61.825
"15.65, -61.85",15.65,-61.85
"15.65, -61.875",15.65,-61.875
"15.65, -61.9",15.65,-61.9
"15.65, -61.925",15.65,-61.925
"15.65, -61.95",15.65,-61.95
"15.65, -61.975",15.65,-61.975
"15.65, -62",15.65,-62
"15.65, -62.025",15.65,-62.025
"15.65, -62.05",15.65,-62.05
"15.65, -62.075",15.65,-62.075
"15.65, -62.1",15.65,-62.1
"15.65, -62.125",15.65,-62.125
"15.65, -62.15",15.65,-62.15
"15.65, -62.175",15.65,-62.175
"15.65, -62.2",15.65,-62.2
"15.675, -60.4",15.675,-60.4
"15.675, -60.425",15.675,-60.425
"15.675, -60.45",15.675,-60.45
"15.675, -60.475",15.675,-60.475
"15.675, -60.5",15.675,-60.5
"15.675, -60.525",15.675,-60.525
"15.675, -60.55",15.675,-60.55
"15.675, -60.575",15.675,-60.575
"15.675, -60.6",15.675,-60.6
"15.675, -60.625",15.675,-60.625
"15.675, -60.65",15.675,-60.65
"15.675, -60.675",15.675,-60.675
"15.675, -60.7",15.675,-60.7
"15.675, -60.725",15.675,-60.725
"15.675, -60.75",15.675,-60.75
"15.675, -60.775",15.675,-60.775
"15.675, -60.8",15.675,-60.8
"15.675, -60.825",15.675,-60.825
"15.675, -60.85",15.675,-60.85
"15.675, -60.875",15.675,-60.875
"15.675, -60.9",15.675,-60.9
"15.675, -60.925",15.675,-60.925
"15.675, -60.95",15.675,-60.95
"15.675, -60.975",15.675,-60.975
"15.675, -61",15.675,-61
"15.675, -61.025",15.675,-61.025
"15.675, -61.05",15.675,-61.05
"15.675, -61.075",15.675,-61.075
"15.675, -61.1",15.675,-61.1
"15.675, -61.125",15.675,-61.125
"15.675, -61.15",15.675,-61.15
"15.675, -61.175",15.675,-61.175
"15.675, -61.2",15.675,-61.2
"15.675, -61.225",15.675,-61.225
"15.675, -61.25",15.675,-61.25
"15.675, -61.275",15.675,-61.275
"15.675, -61.3",15.675,-61.3
"15.675, -61.325",15.675,-61.325
"15.675, -61.35",15.675,-61.35
"15.675, -61.375",15.675,-61.375
"15.675, -61.4",15.675,-61.4
"15.675, -61.425",15.675,-61.425
"15.675, -61.45",15.675,-61.45
"15.675, -61.475",15.675,-61.475
"15.675, -61.5",15.675,-61.5
"15.675, -61.525",15.675,-61.525
"15.675, -61.55",15.675,-61.55
"15.675, -61.575",15.675,-61.575
"15.675, -61.6",15.675,-61.6
"15.675, -61.625",15.675,-61.625
"15.675, -61.65",15.675,-61.65
"15.675, -61.675",15.675,-61.675
"15.675, -61.7",15.675,-61.7
"15.675, -61.725",15.675,-61.725
"15.675, -61.75",15.675,-61.75
"15.675, -61.775",15.675,-61.775
"15.675, -61.8",15.675,-61.8
"15.675, -61.825",15.675,-61.825
"15.675, -61.85",15.675,-61.85
"15.675, -61.875",15.675,-61.875
"15.675, -61.9",15.675,-61.9
"15.675, -61.925",15.675,-61.925
"15.675, -61.95",15.675,-61.95
"15.675, -61.975",15.675,-61.975
"15.675, -62",15.675,-62
"15.675, -62.025",15.675,-62.025
"15.675, -62.05",15.675,-62.05
"15.675, -62.075",15.675,-62.075
"15.675, -62.1",15.675,-62.1
"15.675, -62.125",15.675,-62.125
"15.675, -62.15",15.675,-62.15
"15.675, -62.175",15.675,-62.175
"15.675, -62.2",15.675,-62.2
"15.7, -60.4",15.7,-60.4
"15.7, -60.425",15.7,-60.425
"15.7, -60.45",15.7,-60.45
"15.7, -60.475",15.7,-60.475
"15.7, -60.5",15.7,-60.5
"15.7, -60.525",15.7,-60.525
"15.7, -60.55",15.7,-60.55
"15.7, -60.575",15.7,-60.575
"15.7, -60.6",15.7,-60.6
"15.7, -60.625",15.7,-60.625
"15.7, -60.65",15.7,-60.65
"15.7, -60.675",15.7,-60.675
"15.7, -60.7",15.7,-60.7
"15.7, -60.725",15.7,-60.725
"15.7, -60.75",15.7,-60.75
"15.7, -60.775",15.7,-60.775
"15.7, -60.8",15.7,-60.8
"15.7, -60.825",15.7,-60.825
"15.7, -60.85",15.7,-60.85
"15.7, -60.875",15.7,-60.875
"15.7, -60.9",15.7,-60.9
"15.7, -60.925",15.7,-60.925
"15.7, -60.95",15.7,-60.95
"15.7, -60.975",15.7,-60.975
"15.7, -61",15.7,-61
"15.7, -61.025",15.7,-61.025
"15.7, -61.05",15.7,-61.05
"15.7, -61.075",15.7,-61.075
"15.7, -61.1",15.7,-61.1
"15.7, -61.125",15.7,-61.125
"15.7, -61.15",15.7,-61.15
"15.7, -61.175",15.7,-61.175
"15.7, -61.2",15.7,-61.2
"15.7, -61.225",15.7,-61.225
"15.7, -61.25",15.7,-61.25
"15.7, -61.275",15.7,-61.275
"15.7, -61.3",15.7,-61.3
"15.7, -61.325",15.7,-61.325
"15.7, -61.35",15.7,-61.35
"15.7, -61.375",15.7,-61.375
"15.7, -61.4",15.7,-61.4
"15.7, -61.425",15.7,-61.425
"15.7, -61.45",15.7,-61.45
"15.7, -61.475",15.7,-61.475
"15.7, -61.5",15.7,-61.5
"15.7, -61.525",15.7,-61.525
"15.7, -61.55",15.7,-61.55
"15.7, -61.575",15.7,-61.575
"15.7, -61.6",15.7,-61.6
"15.7, -61.625",15.7,-61.625
"15.7, -61.65",15.7,-61.65
"15.7, -61.675",15.7,-61.675
"15.7, -61.7",15.7,-61.7
"15.7, -61.725",15.7,-61.725
"15.7, -61.75",15.7,-61.75
"15.7, -61.775",15.7,-61.775
"15.7, -61.8",15.7,-61.8
"15.7, -61.825",15.7,-61.825
"15.7, -61.85",15.7,-61.85
"15.7, -61.875",15.7,-61.875
"15.7, -61.9",15.7,-61.9
"15.7, -61.925",15.7,-61.925
"15.7, -61.95",15.7,-61.95
"15.7, -61.975",15.7,-61.975
"15.7, -62",15.7,-62
"15.7, -62.025",15.7,-62.025
"15.7, -62.05",15.7,-62.05
"15.7, -62.075",15.7,-62.075
"15.7, -62.1",15.7,-62.1
"15.7, -62.125",15.7,-62.125
"15.7, -62.15",15.7,-62.15
"15.7, -62.175",15.7,-62.175
"15.7, -62.2",15.7,-62.2
"15.725, -60.4",15.725,-60.4
"15.725, -60.425",15.725,-60.425
"15.725, -60.45",15.725,-60.45
"15.725, -60.475",15.725,-60.475
"15.725, -60.5",15.725,-60.5
"15.725, -60.525",15.725,-60.525
"15.725, -60.55",15.725,-60.55
"15.725, -60.575",15.725,-60.575
"15.725, -60.6",15.725,-60.6
"15.725, -60.625",15.725,-60.625
"15.725, -60.65",15.725,-60.65
"15.725, -60.675",15.725,-60.675
"15.725, -60.7",15.725,-60.7
"15.725, -60.725",15.725,-60.725
"15.725, -60.75",15.725,-60.75
"15.725, -60.775",15.725,-60.775
"15.725, -60.8",15.725,-60.8
"15.725, -60.825",15.725,-60.825
"15.725, -60.85",15.725,-60.85
"15.725, -60.875",15.725,-60.875
"15.725, -60.9",15.725,-60.9
"15.725, -60.925",15.725,-60.925
"15.725, -60.95",15.725,-60.95
"15.725, -60.975",15.725,-60.975
"15.725, -61",15.725,-61
"15.725, -61.025",15.725,-61.025
"15.725, -61.05",15.725,-61.05
"15.725, -61.075",15.725,-61.075
"15.725, -61.1",15.725,-61.1
"15.725, -61.125",15.725,-61.125
"15.725, -61.15",15.725,-61.15
"15.725, -61.175",15.725,-61.175
"15.725, -61.2",15.725,-61.2
"15.725, -61.225",15.725,-61.225
"15.725, -61.25",15.725,-61.25
"15.725, -61.275",15.725,-61.275
"15.725, -61.3",15.725,-61.3
"15.725, -61.325",15.725,-61.325
"15.725, -61.35",15.725,-61.35
"15.725, -61.375",15.725,-61.375
"15.725, -61.4",15.725,-61.4
"15.725, -61.425",15.725,-61.425
"15.725, -61.45",15.725,-61.45
"15.725, -61.475",15.725,-61.475
"15.725, -61.5",15.725,-61.5
"15.725, -61.525",15.725,-61.525
"15.725, -61.55",15.725,-61.55
"15.725, -61.575",15.725,-61.575
"15.725, -61.6",15.725,-61.6
"15.725, -61.625",15.725,-61.625
"15.725, -61.65",15.725,-61.65
"15.725, -61.675",15.725,-61.675
"15.725, -61.7",15.725,-61.7
"15.725, -61.725",15.725,-61.725
"15.725, -61.75",15.725,-61.75
"15.725, -61.775",15.725,-61.775
"15.725, -61.8",15.725,-61.8
"15.725, -61.825",15.725,-61.825
"15.725, -61.85",15.725,-61.85
"15.725, -61.875",15.725,-61.875
"15.725, -61.9",15.725,-61.9
"15.725, -61.925",15.725,-61.925
"15.725, -61.95",15.725,-61.95
"15.725, -61.975",15.725,-61.975
"15.725, -62",15.725,-62
"15.725, -62.025",15.725,-62.025
"15.725, -62.05",15.725,-62.05
"15.725, -62.075",15.725,-62.075
"15.725, -62.1",15.725,-62.1
"15.725, -62.125",15.725,-62.125
"15.725, -62.15",15.725,-62.15
"15.725, -62.175",15.725,-62.175
"15.725, -62.2",15.725,-62.2
"15.75, -60.4",15.75,-60.4
"15.75, -60.425",15.75,-60.425
"15.75, -60.45",15.75,-60.45
"15.75, -60.475",15.75,-60.475
"15.75, -60.5",15.75,-60.5
"15.75, -60.525",15.75,-60.525
"15.75, -60.55",15.75,-60.55
"15.75, -60.575",15.75,-60.575
"15.75, -60.6",15.75,-60.6
"15.75, -60.625",15.75,-60.625
"15.75, -60.65",15.75,-60.65
"15.75, -60.675",15.75,-60.675
"15.75, -60.7",15.75,-60.7
"15.75, -60.725",15.75,-60.725
"15.75, -60.75",15.75,-60.75
"15.75, -60.775",15.75,-60.775
"15.75, -60.8",15.75,-60.8
"15.75, -60.825",15.75,-60.825
"15.75, -60.85",15.75,-60.85
"15.75, -60.875",15.75,-60.875
"15.75, -60.9",15.75,-60.9
"15.75, -60.925",15.75,-60.925
"15.75, -60.95",15.75,-60.95
"15.75, -60.975",15.75,-60.975
"15.75, -61",15.75,-61
"15.75, -61.025",15.75,-61.025
"15.75, -61.05",15.75,-61.05
"15.75, -61.075",15.75,-61.075
"15.75, -61.1",15.75,-61.1
"15.75, -61.125",15.75,-61.125
"15.75, -61.15",15.75,-61.15
"15.75, -61.175",15.75,-61.175
"15.75, -61.2",15.75,-61.2
"15.75, -61.225",15.75,-61.225
"15.75, -61.25",15.75,-61.25
"15.75, -61.275",15.75,-61.275
"15.75, -61.3",15.75,-61.3
"15.75, -61.325",15.75,-61.325
"15.75, -61.35",15.75,-61.35
"15.75, -61.375",15.75,-61.375
"15.75, -61.4",15.75,-61.4
"15.75, -61.425",15.75,-61.425
"15.75, -61.45",15.75,-61.45
"15.75, -61.475",15.75,-61.475
"15.75, -61.5",15.75,-61.5
"15.75, -61.525",15.75,-61.525
"15.75, -61.55",15.75,-61.55
"15.75, -61.575",15.75,-61.575
"15.75, -61.6",15.75,-61.6
"15.75, -61.625",15.75,-61.625
"15.75, -61.65",15.75,-61.65
"15.75, -61.675",15.75,-61.675
"15.75, -61.7",15.75,-61.7
"15.75, -61.725",15.75,-61.725
"15.75, -61.75",15.75,-61.75
"15.75, -61.775",15.75,-61.775
"15.75, -61.8",15.75,-61.8
"15.75, -61.825",15.75,-61.825
"15.75, -61.85",15.75,-61.85
"15.75, -61.875",15.75,-61.875
"15.75, -61.9",15.75,-61.9
"15.75, -61.925",15.75,-61.925
"15.75, -61.95",15.75,-61.95
"15.75, -61.975",15.75,-61.975
"15.75, -62",15.75,-62
"15.75, -62.025",15.75,-62.025
"15.75, -62.05",15.75,-62.05
"15.75, -62.075",15.75,-62.075
"15.75, -62.1",15.75,-62.1
"15.75, -62.125",15.75,-62.125
"15.75, -62.15",15.75,-62.15
"15.75, -62.175",15.75,-62.175
"15.75, -62.2",15.75,-62.2
"15.775, -60.4",15.775,-60.4
"15.775, -60.425",15.775,-60.425
"15.775, -60.45",15.775,-60.45
"15.775, -60.475",15.775,-60.475
"15.775, -60.5",15.775,-60.5
"15.775, -60.525",15.775,-60.525
"15.775, -60.55",15.775,-60.55
"15.775, -60.575",15.775,-60.575
"15.775, -60.6",15.775,-60.6
"15.775, -60.625",15.775,-60.625
"15.775, -60.65",15.775,-60.65
"15.775, -60.675",15.775,-60.675
"15.775, -60.7",15.775,-60.7
"15.775, -60.725",15.775,-60.725
"15.775, -60.75",15.775,-60.75
"15.775, -60.775",15.775,-60.775
"15.775, -60.8",15.775,-60.8
"15.775, -60.825",15.775,-60.825
"15.775, -60.85",15.775,-60.85
"15.775, -60.875",15.775,-60.875
"15.775, -60.9",15.775,-60.9
"15.775, -60.925",15.775,-60.925
"15.775, -60.95",15.775,-60.95
"15.775, -60.975",15.775,-60.975
"15.775, -61",15.775,-61
"15.775, -61.025",15.775,-61.025
"15.775, -61.05",15.775,-61.05
"15.775, -61.075",15.775,-61.075
"15.775, -61.1",15.775,-61.1
"15.775, -61.125",15.775,-61.125
"15.775, -61.15",15.775,-61.15
"15.775, -61.175",15.775,-61.175
"15.775, -61.2",15.775,-61.2
"15.775, -61.225",15.775,-61.225
"15.775, -61.25",15.775,-61.25
"15.775, -61.275",15.775,-61.275
"15.775, -61.3",15.775,-61.3
"15.775, -61.325",15.775,-61.325
"15.775, -61.35",15.775,-61.35
"15.775, -61.375",15.775,-61.375
"15.775, -61.4",15.775,-61.4
"15.775, -61.425",15.775,-61.425
"15.775, -61.45",15.775,-61.45
"15.775, -61.475",15.775,-61.475
"15.775, -61.5",15.775,-61.5
"15.775, -61.525",15.775,-61.525
"15.775, -61.55",15.775,-61.55
"15.775, -61.575",15.775,-61.575
"15.775, -61.6",15.775,-61.6
"15.775, -61.625",15.775,-61.625
"15.775, -61.65",15.775,-61.65
"15.775, -61.675",15.775,-61.675
"15.775, -61.7",15.775,-61.7
"15.775, -61.725",15.775,-61.725
"15.775, -61.75",15.775,-61.75
"15.775, -61.775",15.775,-61.775
"15.775, -61.8",15.775,-61.8
"15.775, -61.825",15.775,-61.825
"15.775, -61.85",15.775,-61.85
"15.775, -61.875",15.775,-61.875
"15.775, -61.9",15.775,-61.9
"15.775, -61.925",15.775,-61.925
"15.775, -61.95",15.775,-61.95
"15.775, -61.975",15.775,-61.975
"15.775, -62",15.775,-62
"15.775, -62.025",15.775,-62.025
"15.775, -62.05",15.775,-62.05
"15.775, -62.075",15.775,-62.075
"15.775, -62.1",15.775,-62.1
"15.775, -62.125",15.775,-62.125
"15.775, -62.15",15.775,-62.15
"15.775, -62.175",15.775,-62.175
"15.775, -62.2",15.775,-62.2
"15.8, -60.4",15.8,-60.4
"15.8, -60.425",15.8,-60.425
"15.8, -60.45",15.8,-60.45
"15.8, -60.475",15.8,-60.475
"15.8, -60.5",15.8,-60.5
"15.8, -60.525",15.8,-60.525
"15.8, -60.55",15.8,-60.55
"15.8, -60.575",15.8,-60.575
"15.8, -60.6",15.8,-60.6
"15.8, -60.625",15.8,-60.625
"15.8, -60.65",15.8,-60.65
"15.8, -60.675",15.8,-60.675
"15.8, -60.7",15.8,-60.7
"15.8, -60.725",15.8,-60.725
"15.8, -60.75",15.8,-60.75
"15.8, -60.775",15.8,-60.775
"15.8, -60.8",15.8,-60.8
"15.8, -60.825",15.8,-60.825
"15.8, -60.85",15.8,-60.85
"15.8, -60.875",15.8,-60.875
"15.8, -60.9",15.8,-60.9
"15.8, -60.925",15.8,-60.925
"15.8, -60.95",15.8,-60.95
"15.8, -60.975",15.8,-60.975
"15.8, -61",15.8,-61
"15.8, -61.025",15.8,-61.025
"15.8, -61.05",15.8,-61.05
"15.8, -61.075",15.8,-61.075
"15.8, -61.1",15.8,-61.1
"15.8, -61.125",15.8,-61.125
"15.8, -61.15",15.8,-61.15
"15.8, -61.175",15.8,-61.175
"15.8, -61.2",15.8,-61.2
"15.8, -61.225",15.8,-61.225
"15.8, -61.25",15.8,-61.25
"15.8, -61.275",15.8,-61.275
"15.8, -61.3",15.8,-61.3
"15.8, -61.325",15.8,-61.325
"15.8, -61.35",15.8,-61.35
"15.8, -61.375",15.8,-61.375
"15.8, -61.4",15.8,-61.4
"15.8, -61.425",15.8,-61.425
"15.8, -61.45",15.8,-61.45
"15.8, -61.475",15.8,-61.475
"15.8, -61.5",15.8,-61.5
"15.8, -61.525",15.8,-61.525
"15.8, -61.55",15.8,-61.55
"15.8, -61.575",15.8,-61.575
"15.8, -61.6",15.8,-61.6
"15.8, -61.625",15.8,-61.625
"15.8, -61.65",15.8,-61.65
"15.8, -61.675",15.8,-61.675
"15.8, -61.7",15.8,-61.7
"15.8, -61.725",15.8,-61.725
"15.8, -61.75",15.8,-61.75
"15.8, -61.775",15.8,-61.775
"15.8, -61.8",15.8,-61.8
"15.8, -61.825",15.8,-61.825
"15.8, -61.85",15.8,-61.85
"15.8, -61.875",15.8,-61.875
"15.8, -61.9",15.8,-61.9
"15.8, -61.925",15.8,-61.925
"15.8, -61.95",15.8,-61.95
"15.8, -61.975",15.8,-61.975
"15.8, -62",15.8,-62
"15.8, -62.025",15.8,-62.025
"15.8, -62.05",15.8,-62.05
"15.8, -62.075",15.8,-62.075
"15.8, -62.1",15.8,-62.1
"15.8, -62.125",15.8,-62.125
"15.8, -62.15",15.8,-62.15
"15.8, -62.175",15.8,-62.175
"15.8, -62.2",15.8,-62.2
"15.825, -60.4",15.825,-60.4
"15.825, -60.425",15.825,-60.425
"15.825, -60.45",15.825,-60.45
"15.825, -60.475",15.825,-60.475
"15.825, -60.5",15.825,-60.5
"15.825, -60.525",15.825,-60.525
"15.825, -60.55",15.825,-60.55
"15.825, -60.575",15.825,-60.575
"15.825, -60.6",15.825,-60.6
"15.825, -60.625",15.825,-60.625
"15.825, -60.65",15.825,-60.65
"15.825, -60.675",15.825,-60.675
"15.825, -60.7",15.825,-60.7
"15.825, -60.725",15.825,-60.725
"15.825, -60.75",15.825,-60.75
"15.825, -60.775",15.825,-60.775
"15.825, -60.8",15.825,-60.8
"15.825, -60.825",15.825,-60.825
"15.825, -60.85",15.825,-60.85
"15.825, -60.875",15.825,-60.875
"15.825, -60.9",15.825,-60.9
"15.825, -60.925",15.825,-60.925
"15.825, -60.95",15.825,-60.95
"15.825, -60.975",15.825,-60.975
"15.825, -61",15.825,-61
"15.825, -61.025",15.825,-61.025
"15.825, -61.05",15.825,-61.05
"15.825, -61.075",15.825,-61.075
"15.825, -61.1",15.825,-61.1
"15.825, -61.125",15.825,-61.125
"15.825, -61.15",15.825,-61.15
"15.825, -61.175",15.825,-61.175
"15.825, -61.2",15.825,-61.2
"15.825, -61.225",15.825,-61.225
"15.825, -61.25",15.825,-61.25
"15.825, -61.275",15.825,-61.275
"15.825, -61.3",15.825,-61.3
"15.825, -61.325",15.825,-61.325
"15.825, -61.35",15.825,-61.35
"15.825, -61.375",15.825,-61.375
"15.825, -61.4",15.825,-61.4
"15.825, -61.425",15.825,-61.425
"15.825, -61.45",15.825,-61.45
"15.825, -61.475",15.825,-61.475
"15.825, -61.5",15.825,-61.5
"15.825, -61.525",15.825,-61.525
"15.825, -61.55",15.825,-61.55
"15.825, -61.575",15.825,-61.575
"15.825, -61.6",15.825,-61.6
"15.825, -61.625",15.825,-61.625
"15.825, -61.65",15.825,-61.65
"15.825, -61.675",15.825,-61.675
"15.825, -61.7",15.825,-61.7
"15.825, -61.725",15.825,-61.725
"15.825, -61.75",15.825,-61.75
"15.825, -61.775",15.825,-61.775
"15.825, -61.8",15.825,-61.8
"15.825, -61.825",15.825,-61.825
"15.825, -61.85",15.825,-61.85
"15.825, -61.875",15.825,-61.875
"15.825, -61.9",15.825,-61.9
"15.825, -61.925",15.825,-61.925
"15.825, -61.95",15.825,-61.95
"15.825, -61.975",15.825,-61.975
"15.825, -62",15.825,-62
"15.825, -62.025",15.825,-62.025
"15.825, -62.05",15.825,-62.05
"15.825, -62.075",15.825,-62.075
"15.825, -62.1",15.825,-62.1
"15.825, -62.125",15.825,-62.125
"15.825, -62.15",15.825,-62.15
"15.825, -62.175",15.825,-62.175
"15.825, -62.2",15.825,-62.2
"15.85, -60.4",15.85,-60.4
"15.85, -60.425",15.85,-60.425
"15.85, -60.45",15.85,-60.45
"15.85, -60.475",15.85,-60.475
"15.85, -60.5",15.85,-60.5
"15.85, -60.525",15.85,-60.525
"15.85, -60.55",15.85,-60.55
"15.85, -60.575",15.85,-60.575
"15.85, -60.6",15.85,-60.6
"15.85, -60.625",15.85,-60.625
"15.85, -60.65",15.85,-60.65
"15.85, -60.675",15.85,-60.675
"15.85, -60.7",15.85,-60.7
"15.85, -60.725",15.85,-60.725
"15.85, -60.75",15.85,-60.75
"15.85, -60.775",15.85,-60.775
"15.85, -60.8",15.85,-60.8
"15.85, -60.825",15.85,-60.825
"15.85, -60.85",15.85,-60.85
"15.85, -60.875",15.85,-60.875
"15.85, -60.9",15.85,-60.9
"15.85, -60.925",15.85,-60.925
"15.85, -60.95",15.85,-60.95
"15.85, -60.975",15.85,-60.975
"15.85, -61",15.85,-61
"15.85, -61.025",15.85,-61.025
"15.85, -61.05",15.85,-61.05
"15.85, -61.075",15.85,-61.075
"15.85, -61.1",15.85,-61.1
"15.85, -61.125",15.85,-61.125
"15.85, -61.15",15.85,-61.15
"15.85, -61.175",15.85,-61.175
"15.85, -61.2",15.85,-61.2
"15.85, -61.225",15.85,-61.225
"15.85, -61.25",15.85,-61.25
"15.85, -61.275",15.85,-61.275
"15.85, -61.3",15.85,-61.3
"15.85, -61.325",15.85,-61.325
"15.85, -61.35",15.85,-61.35
"15.85, -61.375",15.85,-61.375
"15.85, -61.4",15.85,-61.4
"15.85, -61.425",15.85,-61.425
"15.85, -61.45",15.85,-61.45
"15.85, -61.475",15.85,-61.475
"15.85, -61.5",15.85,-61.5
"15.85, -61.525",15.85,-61.525
"15.85, -61.55",15.85,-61.55
"15.85, -61.575",15.85,-61.575
"15.85, -61.6",15.85,-61.6
"15.85, -61.65",15.85,-61.65
"15.85, -61.675",15.85,-61.675
"15.85, -61.7",15.85,-61.7
"15.85, -61.725",15.85,-61.725
"15.85, -61.75",15.85,-61.75
"15.85, -61.775",15.85,-61.775
"15.85, -61.8",15.85,-61.8
"15.85, -61.825",15.85,-61.825
"15.85, -61.85",15.85,-61.85
"15.85, -61.875",15.85,-61.875
"15.85, -61.9",15.85,-61.9
"15.85, -61.925",15.85,-61.925
"15.85, -61.95",15.85,-61.95
"15.85, -61.975",15.85,-61.975
"15.85, -62",15.85,-62
"15.85, -62.025",15.85,-62.025
"15.85, -62.05",15.85,-62.05
"15.85, -62.075",15.85,-62.075
"15.85, -62.1",15.85,-62.1
"15.85, -62.125",15.85,-62.125
"15.85, -62.15",15.85,-62.15
"15.85, -62.175",15.85,-62.175
"15.85, -62.2",15.85,-62.2
"15.875, -60.4",15.875,-60.4
"15.875, -60.425",15.875,-60.425
"15.875, -60.45",15.875,-60.45
"15.875, -60.475",15.875,-60.475
"15.875, -60.5",15.875,-60.5
"15.875, -60.525",15.875,-60.525
"15.875, -60.55",15.875,-60.55
"15.875, -60.575",15.875,-60.575
"15.875, -60.6",15.875,-60.6
"15.875, -60.625",15.875,-60.625
"15.875, -60.65",15.875,-60.65
"15.875, -60.675",15.875,-60.675
"15.875, -60.7",15.875,-60.7
"15.875, -60.725",15.875,-60.725
"15.875, -60.75",15.875,-60.75
"15.875, -60.775",15.875,-60.775
"15.875, -60.8",15.875,-60.8
"15.875, -60.825",15.875,-60.825
"15.875, -60.85",15.875,-60.85
"15.875, -60.875",15.875,-60.875
"15.875, -60.9",15.875,-60.9
"15.875, -60.925",15.875,-60.925
"15.875, -60.95",15.875,-60.95
"15.875, -60.975",15.875,-60.975
"15.875, -61",15.875,-61
"15.875, -61.025",15.875,-61.025
"15.875, -61.05",15.875,-61.05
"15.875, -61.075",15.875,-61.075
"15.875, -61.1",15.875,-61.1
"15.875, -61.125",15.875,-61.125
"15.875, -61.15",15.875,-61.15
"15.875, -61.175",15.875,-61.175
"15.875, -61.2",15.875,-61.2
"15.875, -61.225",15.875,-61.225
"15.875, -61.325",15.875,-61.325
"15.875, -61.35",15.875,-61.35
"15.875, -61.375",15.875,-61.375
"15.875, -61.4",15.875,-61.4
"15.875, -61.425",15.875,-61.425
"15.875, -61.45",15.875,-61.45
"15.875, -61.475",15.875,-61.475
"15.875, -61.5",15.875,-61.5
"15.875, -61.525",15.875,-61.525
"15.875, -61.55",15.875,-61.55
"15.875, -61.6",15.875,-61.6
"15.875, -61.625",15.875,-61.625
"15.875, -61.65",15.875,-61.65
"15.875, -61.675",15.875,-61.675
"15.875, -61.7",15.875,-61.7
"15.875, -61.725",15.875,-61.725
"15.875, -61.75",15.875,-61.75
"15.875, -61.775",15.875,-61.775
"15.875, -61.8",15.875,-61.8
"15.875, -61.825",15.875,-61.825
"15.875, -61.85",15.875,-61.85
"15.875, -61.875",15.875,-61.875
"15.875, -61.9",15.875,-61.9
"15.875, -61.925",15.875,-61.925
"15.875, -61.95",15.875,-61.95
"15.875, -61.975",15.875,-61.975
"15.875, -62",15.875,-62
"15.875, -62.025",15.875,-62.025
"15.875, -62.05",15.875,-62.05
"15.875, -62.075",15.875,-62.075
"15.875, -62.1",15.875,-62.1
"15.875, -62.125",15.875,-62.125
"15.875, -62.15",15.875,-62.15
"15.875, -62.175",15.875,-62.175
"15.875, -62.2",15.875,-62.2
"15.9, -60.4",15.9,-60.4
"15.9, -60.425",15.9,-60.425
"15.9, -60.45",15.9,-60.45
"15.9, -60.475",15.9,-60.475
"15.9, -60.5",15.9,-60.5
"15.9, -60.525",15.9,-60.525
"15.9, -60.55",15.9,-60.55
"15.9, -60.575",15.9,-60.575
"15.9, -60.6",15.9,-60.6
"15.9, -60.625",15.9,-60.625
"15.9, -60.65",15.9,-60.65
"15.9, -60.675",15.9,-60.675
"15.9, -60.7",15.9,-60.7
"15.9, -60.725",15.9,-60.725
"15.9, -60.75",15.9,-60.75
"15.9, -60.775",15.9,-60.775
"15.9, -60.8",15.9,-60.8
"15.9, -60.825",15.9,-60.825
"15.9, -60.85",15.9,-60.85
"15.9, -60.875",15.9,-60.875
"15.9, -60.9",15.9,-60.9
"15.9, -60.925",15.9,-60.925
"15.9, -60.95",15.9,-60.95
"15.9, -60.975",15.9,-60.975
"15.9, -61",15.9,-61
"15.9, -61.025",15.9,-61.025
"15.9, -61.05",15.9,-61.05
"15.9, -61.075",15.9,-61.075
"15.9, -61.1",15.9,-61.1
"15.9, -61.125",15.9,-61.125
"15.9, -61.15",15.9,-61.15
"15.9, -61.175",15.9,-61.175
"15.9, -61.2",15.9,-61.2
"15.9, -61.35",15.9,-61.35
"15.9, -61.375",15.9,-61.375
"15.9, -61.4",15.9,-61.4
"15.9, -61.425",15.9,-61.425
"15.9, -61.45",15.9,-61.45
"15.9, -61.475",15.9,-61.475
"15.9, -61.5",15.9,-61.5
"15.9, -61.525",15.9,-61.525
"15.9, -61.55",15.9,-61.55
"15.9, -61.575",15.9,-61.575
"15.9, -61.6",15.9,-61.6
"15.9, -61.625",15.9,-61.625
"15.9, -61.65",15.9,-61.65
"15.9, -61.675",15.9,-61.675
"15.9, -61.7",15.9,-61.7
"15.9, -61.725",15.9,-61.725
"15.9, -61.75",15.9,-61.75
"15.9, -61.775",15.9,-61.775
"15.9, -61.8",15.9,-61.8
"15.9, -61.825",15.9,-61.825
"15.9, -61.85",15.9,-61.85
"15.9, -61.875",15.9,-61.875
"15.9, -61.9",15.9,-61.9
"15.9, -61.925",15.9,-61.925
"15.9, -61.95",15.9,-61.95
"15.9, -61.975",15.9,-61.975
"15.9, -62",15.9,-62
"15.9, -62.025",15.9,-62.025
"15.9, -62.05",15.9,-62.05
"15.9, -62.075",15.9,-62.075
"15.9, -62.1",15.9,-62.1
"15.9, -62.125",15.9,-62.125
"15.9, -62.15",15.9,-62.15
"15.9, -62.175",15.9,-62.175
"15.9, -62.2",15.9,-62.2
"15.925, -60.4",15.925,-60.4
"15.925, -60.425",15.925,-60.425
"15.925, -60.45",15.925,-60.45
"15.925, -60.475",15.925,-60.475
"15.925, -60.5",15.925,-60.5
"15.925, -60.525",15.925,-60.525
"15.925, -60.55",15.925,-60.55
"15.925, -60.575",15.925,-60.575
"15.925, -60.6",15.925,-60.6
"15.925, -60.625",15.925,-60.625
"15.925, -60.65",15.925,-60.65
"15.925, -60.675",15.925,-60.675
"15.925, -60.7",15.925,-60.7
"15.925, -60.725",15.925,-60.725
"15.925, -60.75",15.925,-60.75
"15.925, -60.775",15.925,-60.775
"15.925, -60.8",15.925,-60.8
"15.925, -60.825",15.925,-60.825
"15.925, -60.85",15.925,-60.85
"15.925, -60.875",15.925,-60.875
"15.925, -60.9",15.925,-60.9
"15.925, -60.925",15.925,-60.925
"15.925, -60.95",15.925,-60.95
"15.925, -60.975",15.925,-60.975
"15.925, -61",15.925,-61
"15.925, -61.025",15.925,-61.025
"15.925, -61.05",15.925,-61.05
"15.925, -61.075",15.925,-61.075
"15.925, -61.1",15.925,-61.1
"15.925, -61.125",15.925,-61.125
"15.925, -61.15",15.925,-61.15
"15.925, -61.175",15.925,-61.175
"15.925, -61.35",15.925,-61.35
"15.925, -61.375",15.925,-61.375
"15.925, -61.4",15.925,-61.4
"15.925, -61.425",15.925,-61.425
"15.925, -61.45",15.925,-61.45
"15.925, -61.475",15.925,-61.475
"15.925, -61.5",15.925,-61.5
"15.925, -61.525",15.925,-61.525
"15.925, -61.55",15.925,-61.55
"15.925, -61.575",15.925,-61.575
"15.925, -61.6",15.925,-61.6
"15.925, -61.625",15.925,-61.625
"15.925, -61.65",15.925,-61.65
"15.925, -61.675",15.925,-61.675
"15.925, -61.7",15.925,-61.7
"15.925, -61.725",15.925,-61.725
"15.925, -61.75",15.925,-61.75
"15.925, -61.775",15.925,-61.775
"15.925, -61.8",15.925,-61.8
"15.925, -61.825",15.925,-61.825
"15.925, -61.85",15.925,-61.85
"15.925, -61.875",15.925,-61.875
"15.925, -61.9",15.925,-61.9
"15.925, -61.925",15.925,-61.925
"15.925, -61.95",15.925,-61.95
"15.925, -61.975",15.925,-61.975
"15.925, -62",15.925,-62
"15.925, -62.025",15.925,-62.025
"15.925, -62.05",15.925,-62.05
"15.925, -62.075",15.925,-62.075
"15.925, -62.1",15.925,-62.1
"15.925, -62.125",15.925,-62.125
"15.925, -62.15",15.925,-62.15
"15.925, -62.175",15.925,-62.175
"15.925, -62.2",15.925,-62.2
"15.95, -60.4",15.95,-60.4
"15.95, -60.425",15.95,-60.425
"15.95, -60.45",15.95,-60.45
"15.95, -60.475",15.95,-60.475
"15.95, -60.5",15.95,-60.5
"15.95, -60.525",15.95,-60.525
"15.95, -60.55",15.95,-60.55
"15.95, -60.575",15.95,-60.575
"15.95, -60.6",15.95,-60.6
"15.95, -60.625",15.95,-60.625
"15.95, -60.65",15.95,-60.65
"15.95, -60.675",15.95,-60.675
"15.95, -60.7",15.95,-60.7
"15.95, -60.725",15.95,-60.725
"15.95, -60.75",15.95,-60.75
"15.95, -60.775",15.95,-60.775
"15.95, -60.8",15.95,-60.8
"15.95, -60.825",15.95,-60.825
"15.95, -60.85",15.95,-60.85
"15.95, -60.875",15.95,-60.875
"15.95, -60.9",15.95,-60.9
"15.95, -60.925",15.95,-60.925
"15.95, -60.95",15.95,-60.95
"15.95, -60.975",15.95,-60.975
"15.95, -61",15.95,-61
"15.95, -61.025",15.95,-61.025
"15.95, -61.05",15.95,-61.05
"15.95, -61.075",15.95,-61.075
"15.95, -61.1",15.95,-61.1
"15.95, -61.125",15.95,-61.125
"15.95, -61.15",15.95,-61.15
"15.95, -61.175",15.95,-61.175
"15.95, -61.2",15.95,-61.2
"15.95, -61.325",15.95,-61.325
"15.95, -61.35",15.95,-61.35
"15.95, -61.375",15.95,-61.375
"15.95, -61.4",15.95,-61.4
"15.95, -61.425",15.95,-61.425
"15.95, -61.45",15.95,-61.45
"15.95, -61.475",15.95,-61.475
"15.95, -61.5",15.95,-61.5
"15.95, -61.525",15.95,-61.525
"15.95, -61.55",15.95,-61.55
"15.95, -61.575",15.95,-61.575
"15.95, -61.6",15.95,-61.6
"15.95, -61.625",15.95,-61.625
"15.95, -61.65",15.95,-61.65
"15.95, -61.675",15.95,-61.675
"15.95, -61.725",15.95,-61.725
"15.95, -61.75",15.95,-61.75
"15.95, -61.775",15.95,-61.775
"15.95, -61.8",15.95,-61.8
"15.95, -61.825",15.95,-61.825
"15.95, -61.85",15.95,-61.85
"15.95, -61.875",15.95,-61.875
"15.95, -61.9",15.95,-61.9
"15.95, -61.925",15.95,-61.925
"15.95, -61.95",15.95,-61.95
"15.95, -61.975",15.95,-61.975
"15.95, -62",15.95,-62
"15.95, -62.025",15.95,-62.025
"15.95, -62.05",15.95,-62.05
"15.95, -62.075",15.95,-62.075
"15.95, -62.1",15.95,-62.1
"15.95, -62.125",15.95,-62.125
"15.95, -62.15",15.95,-62.15
"15.95, -62.175",15.95,-62.175
"15.95, -62.2",15.95,-62.2
"15.975, -60.4",15.975,-60.4
"15.975, -60.425",15.975,-60.425
"15.975, -60.45",15.975,-60.45
"15.975, -60.475",15.975,-60.475
"15.975, -60.5",15.975,-60.5
"15.975, -60.525",15.975,-60.525
"15.975, -60.55",15.975,-60.55
"15.975, -60.575",15.975,-60.575
"15.975, -60.6",15.975,-60.6
"15.975, -60.625",15.975,-60.625
"15.975, -60.65",15.975,-60.65
"15.975, -60.675",15.975,-60.675
"15.975, -60.7",15.975,-60.7
"15.975, -60.725",15.975,-60.725
"15.975, -60.75",15.975,-60.75
"15.975, -60.775",15.975,-60.775
"15.975, -60.8",15.975,-60.8
"15.975, -60.825",15.975,-60.825
"15.975, -60.85",15.975,-60.85
"15.975, -60.875",15.975,-60.875
"15.975, -60.9",15.975,-60.9
"15.975, -60.925",15.975,-60.925
"15.975, -60.95",15.975,-60.95
"15.975, -60.975",15.975,-60.975
"15.975, -61",15.975,-61
"15.975, -61.025",15.975,-61.025
"15.975, -61.05",15.975,-61.05
"15.975, -61.075",15.975,-61.075
"15.975, -61.1",15.975,-61.1
"15.975, -61.125",15.975,-61.125
"15.975, -61.15",15.975,-61.15
"15.975, -61.175",15.975,-61.175
"15.975, -61.2",15.975,-61.2
"15.975, -61.225",15.975,-61.225
"15.975, -61.325",15.975,-61.325
"15.975, -61.35",15.975,-61.35
"15.975, -61.375",15.975,-61.375
"15.975, -61.4",15.975,-61.4
"15.975, -61.425",15.975,-61.425
"15.975, -61.45",15.975,-61.45
"15.975, -61.475",15.975,-61.475
"15.975, -61.5",15.975,-61.5
"15.975, -61.525",15.975,-61.525
"15.975, -61.55",15.975,-61.55
"15.975, -61.575",15.975,-61.575
"15.975, -61.6",15.975,-61.6
"15.975, -61.725",15.975,-61.725
"15.975, -61.75",15.975,-61.75
"15.975, -61.775",15.975,-61.775
"15.975, -61.8",15.975,-61.8
"15.975, -61.825",15.975,-61.825
"15.975, -61.85",15.975,-61.85
"15.975, -61.875",15.975,-61.875
"15.975, -61.9",15.975,-61.9
"15.975, -61.925",15.975,-61.925
"15.975, -61.95",15.975,-61.95
"15.975, -61.975",15.975,-61.975
"15.975, -62",15.975,-62
"15.975, -62.025",15.975,-62.025
"15.975, -62.05",15.975,-62.05
"15.975, -62.075",15.975,-62.075
"15.975, -62.1",15.975,-62.1
"15.975, -62.125",15.975,-62.125
"15.975, -62.15",15.975,-62.15
"15.975, -62.175",15.975,-62.175
"15.975, -62.2",15.975,-62.2
"16, -60.4",16,-60.4
"16, -60.425",16,-60.425
"16, -60.45",16,-60.45
"16, -60.475",16,-60.475
"16, -60.5",16,-60.5
"16, -60.525",16,-60.525
"16, -60.55",16,-60.55
"16, -60.575",16,-60.575
"16, -60.6",16,-60.6
"16, -60.625",16,-60.625
"16, -60.65",16,-60.65
"16, -60.675",16,-60.675
"16, -60.7",16,-60.7
"16, -60.725",16,-60.725
"16, -60.75",16,-60.75
"16, -60.775",16,-60.775
"16, -60.8",16,-60.8
"16, -60.825",16,-60.825
"16, -60.85",16,-60.85
"16, -60.875",16,-60.875
"16, -60.9",16,-60.9
"16, -60.925",16,-60.925
"16, -60.95",16,-60.95
"16, -60.975",16,-60.975
"16, -61",16,-61
"16, -61.025",16,-61.025
"16, -61.05",16,-61.05
"16, -61.075",16,-61.075
"16, -61.1",16,-61.1
"16, -61.125",16,-61.125
"16, -61.15",16,-61.15
"16, -61.175",16,-61.175
"16, -61.2",16,-61.2
"16, -61.225",16,-61.225
"16, -61.25",16,-61.25
"16, -61.3",16,-61.3
"16, -61.325",16,-61.325
"16, -61.35",16,-61.35
"16, -61.375",16,-61.375
"16, -61.4",16,-61.4
"16, -61.425",16,-61.425
"16, -61.45",16,-61.45
"16, -61.475",16,-61.475
"16, -61.5",16,-61.5
"16, -61.525",16,-61.525
"16, -61.55",16,-61.55
"16, -61.575",16,-61.575
"16, -61.6",16,-61.6
"16, -61.75",16,-61.75
"16, -61.775",16,-61.775
"16, -61.8",16,-61.8
"16, -61.825",16,-61.825
"16, -61.85",16,-61.85
"16, -61.875",16,-61.875
"16, -61.9",16,-61.9
"16, -61.925",16,-61.925
"16, -61.95",16,-61.95
"16, -61.975",16,-61.975
"16, -62",16,-62
"16, -62.025",16,-62.025
"16, -62.05",16,-62.05
"16, -62.075",16,-62.075
"16, -62.1",16,-62.1
"16, -62.125",16,-62.125
"16, -62.15",16,-62.15
"16, -62.175",16,-62.175
"16, -62.2",16,-62.2
"16.025, -60.4",16.025,-60.4
"16.025, -60.425",16.025,-60.425
"16.025, -60.45",16.025,-60.45
"16.025, -60.475",16.025,-60.475
"16.025, -60.5",16.025,-60.5
"16.025, -60.525",16.025,-60.525
"16.025, -60.55",16.025,-60.55
"16.025, -60.575",16.025,-60.575
"16.025, -60.6",16.025,-60.6
"16.025, -60.625",16.025,-60.625
"16.025, -60.65",16.025,-60.65
"16.025, -60.675",16.025,-60.675
"16.025, -60.7",16.025,-60.7
"16.025, -60.725",16.025,-60.725
"16.025, -60.75",16.025,-60.75
"16.025, -60.775",16.025,-60.775
"16.025, -60.8",16.025,-60.8
"16.025, -60.825",16.025,-60.825
"16.025, -60.85",16.025,-60.85
"16.025, -60.875",16.025,-60.875
"16.025, -60.9",16.025,-60.9
"16.025, -60.925",16.025,-60.925
"16.025, -60.95",16.025,-60.95
"16.025, -60.975",16.025,-60.975
"16.025, -61",16.025,-61
"16.025, -61.025",16.025,-61.025
"16.025, -61.05",16.025,-61.05
"16.025, -61.075",16.025,-61.075
"16.025, -61.1",16.025,-61.1
"16.025, -61.125",16.025,-61.125
"16.025, -61.15",16.025,-61.15
"16.025, -61.175",16.025,-61.175
"16.025, -61.2",16.025,-61.2
"16.025, -61.225",16.025,-61.225
"16.025, -61.25",16.025,-61.25
"16.025, -61.275",16.025,-61.275
"16.025, -61.3",16.025,-61.3
"16.025, -61.325",16.025,-61.325
"16.025, -61.35",16.025,-61.35
"16.025, -61.375",16.025,-61.375
"16.025, -61.4",16.025,-61.4
"16.025, -61.425",16.025,-61.425
"16.025, -61.45",16.025,-61.45
"16.025, -61.475",16.025,-61.475
"16.025, -61.5",16.025,-61.5
"16.025, -61.525",16.025,-61.525
"16.025, -61.55",16.025,-61.55
"16.025, -61.75",16.025,-61.75
"16.025, -61.775",16.025,-61.775
"16.025, -61.8",16.025,-61.8
"16.025, -61.825",16.025,-61.825
"16.025, -61.85",16.025,-61.85
"16.025, -61.875",16.025,-61.875
"16.025, -61.9",16.025,-61.9
"16.025, -61.925",16.025,-61.925
"16.025, -61.95",16.025,-61.95
"16.025, -61.975",16.025,-61.975
"16.025, -62",16.025,-62
"16.025, -62.025",16.025,-62.025
"16.025, -62.05",16.025,-62.05
"16.025, -62.075",16.025,-62.075
"16.025, -62.1",16.025,-62.1
"16.025, -62.125",16.025,-62.125
"16.025, -62.15",16.025,-62.15
"16.025, -62.175",16.025,-62.175
"16.025, -62.2",16.025,-62.2
"16.05, -60.4",16.05,-60.4
"16.05, -60.425",16.05,-60.425
"16.05, -60.45",16.05,-60.45
"16.05, -60.475",16.05,-60.475
"16.05, -60.5",16.05,-60.5
"16.05, -60.525",16.05,-60.525
"16.05, -60.55",16.05,-60.55
"16.05, -60.575",16.05,-60.575
"16.05, -60.6",16.05,-60.6
"16.05, -60.625",16.05,-60.625
"16.05, -60.65",16.05,-60.65
"16.05, -60.675",16.05,-60.675
"16.05, -60.7",16.05,-60.7
"16.05, -60.725",16.05,-60.725
"16.05, -60.75",16.05,-60.75
"16.05, -60.775",16.05,-60.775
"16.05, -60.8",16.05,-60.8
"16.05, -60.825",16.05,-60.825
"16.05, -60.85",16.05,-60.85
"16.05, -60.875",16.05,-60.875
"16.05, -60.9",16.05,-60.9
"16.05, -60.925",16.05,-60.925
"16.05, -60.95",16.05,-60.95
"16.05, -60.975",16.05,-60.975
"16.05, -61",16.05,-61
"16.05, -61.025",16.05,-61.025
"16.05, -61.05",16.05,-61.05
"16.05, -61.075",16.05,-61.075
"16.05, -61.1",16.05,-61.1
"16.05, -61.125",16.05,-61.125
"16.05, -61.15",16.05,-61.15
"16.05, -61.175",16.05,-61.175
"16.05, -61.2",16.05,-61.2
"16.05, -61.225",16.05,-61.225
"16.05, -61.25",16.05,-61.25
"16.05, -61.275",16.05,-61.275
"16.05, -61.3",16.05,-61.3
"16.05, -61.325",16.05,-61.325
"16.05, -61.35",16.05,-61.35
"16.05, -61.375",16.05,-61.375
"16.05, -61.4",16.05,-61.4
"16.05, -61.425",16.05,-61.425
"16.05, -61.45",16.05,-61.45
"16.05, -61.475",16.05,-61.475
"16.05, -61.5",16.05,-61.5
"16.05, -61.525",16.05,-61.525
"16.05, -61.55",16.05,-61.55
"16.05, -61.775",16.05,-61.775
"16.05, -61.8",16.05,-61.8
"16.05, -61.825",16.05,-61.825
"16.05, -61.85",16.05,-61.85
"16.05, -61.875",16.05,-61.875
"16.05, -61.9",16.05,-61.9
"16.05, -61.925",16.05,-61.925
"16.05, -61.95",16.05,-61.95
"16.05, -61.975",16.05,-61.975
"16.05, -62",16.05,-62
"16.05, -62.025",16.05,-62.025
"16.05, -62.05",16.05,-62.05
"16.05, -62.075",16.05,-62.075
"16.05, -62.1",16.05,-62.1
"16.05, -62.125",16.05,-62.125
"16.05, -62.15",16.05,-62.15
"16.05, -62.175",16.05,-62.175
"16.05, -62.2",16.05,-62.2
"16.075, -60.4",16.075,-60.4
"16.075, -60.425",16.075,-60.425
"16.075, -60.45",16.075,-60.45
"16.075, -60.475",16.075,-60.475
"16.075, -60.5",16.075,-60.5
"16.075, -60.525",16.075,-60.525
"16.075, -60.55",16.075,-60.55
"16.075, -60.575",16.075,-60.575
"16.075, -60.6",16.075,-60.6
"16.075, -60.625",16.075,-60.625
"16.075, -60.65",16.075,-60.65
"16.075, -60.675",16.075,-60.675
"16.075, -60.7",16.075,-60.7
"16.075, -60.725",16.075,-60.725
"16.075, -60.75",16.075,-60.75
"16.075, -60.775",16.075,-60.775
"16.075, -60.8",16.075,-60.8
"16.075, -60.825",16.075,-60.825
"16.075, -60.85",16.075,-60.85
"16.075, -60.875",16.075,-60.875
"16.075, -60.9",16.075,-60.9
"16.075, -60.925",16.075,-60.925
"16.075, -60.95",16.075,-60.95
"16.075, -60.975",16.075,-60.975
"16.075, -61",16.075,-61
"16.075, -61.025",16.075,-61.025
"16.075, -61.05",16.075,-61.05
"16.075, -61.075",16.075,-61.075
"16.075, -61.1",16.075,-61.1
"16.075, -61.125",16.075,-61.125
"16.075, -61.15",16.075,-61.15
"16.075, -61.175",16.075,-61.175
"16.075, -61.2",16.075,-61.2
"16.075, -61.225",16.075,-61.225
"16.075, -61.25",16.075,-61.25
"16.075, -61.275",16.075,-61.275
"16.075, -61.3",16.075,-61.3
"16.075, -61.325",16.075,-61.325
"16.075, -61.35",16.075,-61.35
"16.075, -61.375",16.075,-61.375
"16.075, -61.4",16.075,-61.4
"16.075, -61.425",16.075,-61.425
"16.075, -61.45",16.075,-61.45
"16.075, -61.475",16.075,-61.475
"16.075, -61.5",16.075,-61.5
"16.075, -61.525",16.075,-61.525
"16.075, -61.55",16.075,-61.55
"16.075, -61.775",16.075,-61.775
"16.075, -61.8",16.075,-61.8
"16.075, -61.825",16.075,-61.825
"16.075, -61.85",16.075,-61.85
"16.075, -61.875",16.075,-61.875
"16.075, -61.9",16.075,-61.9
"16.075, -61.925",16.075,-61.925
"16.075, -61.95",16.075,-61.95
"16.075, -61.975",16.075,-61.975
"16.075, -62",16.075,-62
"16.075, -62.025",16.075,-62.025
"16.075, -62.05",16.075,-62.05
"16.075, -62.075",16.075,-62.075
"16.075, -62.1",16.075,-62.1
"16.075, -62.125",16.075,-62.125
"16.075, -62.15",16.075,-62.15
"16.075, -62.175",16.075,-62.175
"16.075, -62.2",16.075,-62.2
"16.1, -60.4",16.1,-60.4
"16.1, -60.425",16.1,-60.425
"16.1, -60.45",16.1,-60.45
"16.1, -60.475",16.1,-60.475
"16.1, -60.5",16.1,-60.5
"16.1, -60.525",16.1,-60.525
"16.1, -60.55",16.1,-60.55
"16.1, -60.575",16.1,-60.575
"16.1, -60.6",16.1,-60.6
"16.1, -60.625",16.1,-60.625
"16.1, -60.65",16.1,-60.65
"16.1, -60.675",16.1,-60.675
"16.1, -60.7",16.1,-60.7
"16.1, -60.725",16.1,-60.725
"16.1, -60.75",16.1,-60.75
"16.1, -60.775",16.1,-60.775
"16.1, -60.8",16.1,-60.8
"16.1, -60.825",16.1,-60.825
"16.1, -60.85",16.1,-60.85
"16.1, -60.875",16.1,-60.875
"16.1, -60.9",16.1,-60.9
"16.1, -60.925",16.1,-60.925
"16.1, -60.95",16.1,-60.95
"16.1, -60.975",16.1,-60.975
"16.1, -61",16.1,-61
"16.1, -61.025",16.1,-61.025
"16.1, -61.05",16.1,-61.05
"16.1, -61.075",16.1,-61.075
"16.1, -61.1",16.1,-61.1
"16.1, -61.125",16.1,-61.125
"16.1, -61.15",16.1,-61.15
"16.1, -61.175",16.1,-61.175
"16.1, -61.2",16.1,-61.2
"16.1, -61.225",16.1,-61.225
"16.1, -61.25",16.1,-61.25
"16.1, -61.275",16.1,-61.275
"16.1, -61.3",16.1,-61.3
"16.1, -61.325",16.1,-61.325
"16.1, -61.35",16.1,-61.35
"16.1, -61.375",16.1,-61.375
"16.1, -61.4",16.1,-61.4
"16.1, -61.425",16.1,-61.425
"16.1, -61.45",16.1,-61.45
"16.1, -61.475",16.1,-61.475
"16.1, -61.5",16.1,-61.5
"16.1, -61.525",16.1,-61.525
"16.1, -61.55",16.1,-61.55
"16.1, -61.775",16.1,-61.775
"16.1, -61.8",16.1,-61.8
"16.1, -61.825",16.1,-61.825
"16.1, -61.85",16.1,-61.85
"16.1, -61.875",16.1,-61.875
"16.1, -61.9",16.1,-61.9
"16.1, -61.925",16.1,-61.925
"16.1, -61.95",16.1,-61.95
"16.1, -61.975",16.1,-61.975
"16.1, -62",16.1,-62
"16.1, -62.025",16.1,-62.025
"16.1, -62.05",16.1,-62.05
"16.1, -62.075",16.1,-62.075
"16.1, -62.1",16.1,-62.1
"16.1, -62.125",16.1,-62.125
"16.1, -62.15",16.1,-62.15
"16.1, -62.175",16.1,-62.175
"16.1, -62.2",16.1,-62.2
"16.125, -60.4",16.125,-60.4
"16.125, -60.425",16.125,-60.425
"16.125, -60.45",16.125,-60.45
"16.125, -60.475",16.125,-60.475
"16.125, -60.5",16.125,-60.5
"16.125, -60.525",16.125,-60.525
"16.125, -60.55",16.125,-60.55
"16.125, -60.575",16.125,-60.575
"16.125, -60.6",16.125,-60.6
"16.125, -60.625",16.125,-60.625
"16.125, -60.65",16.125,-60.65
"16.125, -60.675",16.125,-60.675
"16.125, -60.7",16.125,-60.7
"16.125, -60.725",16.125,-60.725
"16.125, -60.75",16.125,-60.75
"16.125, -60.775",16.125,-60.775
"16.125, -60.8",16.125,-60.8
"16.125, -60.825",16.125,-60.825
"16.125, -60.85",16.125,-60.85
"16.125, -60.875",16.125,-60.875
"16.125, -60.9",16.125,-60.9
"16.125, -60.925",16.125,-60.925
"16.125, -60.95",16.125,-60.95
"16.125, -60.975",16.125,-60.975
"16.125, -61",16.125,-61
"16.125, -61.025",16.125,-61.025
"16.125, -61.05",16.125,-61.05
"16.125, -61.075",16.125,-61.075
"16.125, -61.1",16.125,-61.1
"16.125, -61.125",16.125,-61.125
"16.125, -61.15",16.125,-61.15
"16.125, -61.175",16.125,-61.175
"16.125, -61.2",16.125,-61.2
"16.125, -61.225",16.125,-61.225
"16.125, -61.25",16.125,-61.25
"16.125, -61.275",16.125,-61.275
"16.125, -61.3",16.125,-61.3
"16.125, -61.325",16.125,-61.325
"16.125, -61.35",16.125,-61.35
"16.125, -61.375",16.125,-61.375
"16.125, -61.4",16.125,-61.4
"16.125, -61.425",16.125,-61.425
"16.125, -61.45",16.125,-61.45
"16.125, -61.475",16.125,-61.475
"16.125, -61.5",16.125,-61.5
"16.125, -61.525",16.125,-61.525
"16.125, -61.55",16.125,-61.55
"16.125, -61.775",16.125,-61.775
"16.125, -61.8",16.125,-61.8
"16.125, -61.825",16.125,-61.825
"16.125, -61.85",16.125,-61.85
"16.125, -61.875",16.125,-61.875
"16.125, -61.9",16.125,-61.9
"16.125, -61.925",16.125,-61.925
"16.125, -61.95",16.125,-61.95
"16.125, -61.975",16.125,-61.975
"16.125, -62",16.125,-62
"16.125, -62.025",16.125,-62.025
"16.125, -62.05",16.125,-62.05
"16.125, -62.075",16.125,-62.075
"16.125, -62.1",16.125,-62.1
"16.125, -62.125",16.125,-62.125
"16.125, -62.15",16.125,-62.15
"16.125, -62.175",16.125,-62.175
"16.125, -62.2",16.125,-62.2
"16.15, -60.4",16.15,-60.4
"16.15, -60.425",16.15,-60.425
"16.15, -60.45",16.15,-60.45
"16.15, -60.475",16.15,-60.475
"16.15, -60.5",16.15,-60.5
"16.15, -60.525",16.15,-60.525
"16.15, -60.55",16.15,-60.55
"16.15, -60.575",16.15,-60.575
"16.15, -60.6",16.15,-60.6
"16.15, -60.625",16.15,-60.625
"16.15, -60.65",16.15,-60.65
"16.15, -60.675",16.15,-60.675
"16.15, -60.7",16.15,-60.7
"16.15, -60.725",16.15,-60.725
"16.15, -60.75",16.15,-60.75
"16.15, -60.775",16.15,-60.775
"16.15, -60.8",16.15,-60.8
"16.15, -60.825",16.15,-60.825
"16.15, -60.85",16.15,-60.85
"16.15, -60.875",16.15,-60.875
"16.15, -60.9",16.15,-60.9
"16.15, -60.925",16.15,-60.925
"16.15, -60.95",16.15,-60.95
"16.15, -60.975",16.15,-60.975
"16.15, -61",16.15,-61
"16.15, -61.025",16.15,-61.025
"16.15, -61.05",16.15,-61.05
"16.15, -61.075",16.15,-61.075
"16.15, -61.1",16.15,-61.1
"16.15, -61.125",16.15,-61.125
"16.15, -61.15",16.15,-61.15
"16.15, -61.175",16.15,-61.175
"16.15, -61.2",16.15,-61.2
"16.15, -61.225",16.15,-61.225
"16.15, -61.25",16.15,-61.25
"16.15, -61.275",16.15,-61.275
"16.15, -61.3",16.15,-61.3
"16.15, -61.325",16.15,-61.325
"16.15, -61.35",16.15,-61.35
"16.15, -61.375",16.15,-61.375
"16.15, -61.4",16.15,-61.4
"16.15, -61.425",16.15,-61.425
"16.15, -61.45",16.15,-61.45
"16.15, -61.475",16.15,-61.475
"16.15, -61.5",16.15,-61.5
"16.15, -61.525",16.15,-61.525
"16.15, -61.55",16.15,-61.55
"16.15, -61.575",16.15,-61.575
"16.15, -61.8",16.15,-61.8
"16.15, -61.825",16.15,-61.825
"16.15, -61.85",16.15,-61.85
"16.15, -61.875",16.15,-61.875
"16.15, -61.9",16.15,-61.9
"16.15, -61.925",16.15,-61.925
"16.15, -61.95",16.15,-61.95
"16.15, -61.975",16.15,-61.975
"16.15, -62",16.15,-62
"16.15, -62.025",16.15,-62.025
"16.15, -62.05",16.15,-62.05
"16.15, -62.075",16.15,-62.075
"16.15, -62.1",16.15,-62.1
"16.15, -62.125",16.15,-62.125
"16.15, -62.15",16.15,-62.15
"16.15, -62.175",16.15,-62.175
"16.15, -62.2",16.15,-62.2
"16.175, -60.4",16.175,-60.4
"16.175, -60.425",16.175,-60.425
"16.175, -60.45",16.175,-60.45
"16.175, -60.475",16.175,-60.475
"16.175, -60.5",16.175,-60.5
"16.175, -60.525",16.175,-60.525
"16.175, -60.55",16.175,-60.55
"16.175, -60.575",16.175,-60.575
"16.175, -60.6",16.175,-60.6
"16.175, -60.625",16.175,-60.625
"16.175, -60.65",16.175,-60.65
"16.175, -60.675",16.175,-60.675
"16.175, -60.7",16.175,-60.7
"16.175, -60.725",16.175,-60.725
"16.175, -60.75",16.175,-60.75
"16.175, -60.775",16.175,-60.775
"16.175, -60.8",16.175,-60.8
"16.175, -60.825",16.175,-60.825
"16.175, -60.85",16.175,-60.85
"16.175, -60.875",16.175,-60.875
"16.175, -60.9",16.175,-60.9
"16.175, -60.925",16.175,-60.925
"16.175, -60.95",16.175,-60.95
"16.175, -60.975",16.175,-60.975
"16.175, -61",16.175,-61
"16.175, -61.025",16.175,-61.025
"16.175, -61.05",16.175,-61.05
"16.175, -61.075",16.175,-61.075
"16.175, -61.1",16.175,-61.1
"16.175, -61.125",16.175,-61.125
"16.175, -61.15",16.175,-61.15
"16.175, -61.175",16.175,-61.175
"16.175, -61.2",16.175,-61.2
"16.175, -61.225",16.175,-61.225
"16.175, -61.25",16.175,-61.25
"16.175, -61.275",16.175,-61.275
"16.175, -61.3",16.175,-61.3
"16.175, -61.325",16.175,-61.325
"16.175, -61.35",16.175,-61.35
"16.175, -61.375",16.175,-61.375
"16.175, -61.4",16.175,-61.4
"16.175, -61.425",16.175,-61.425
"16.175, -61.45",16.175,-61.45
"16.175, -61.475",16.175,-61.475
"16.175, -61.5",16.175,-61.5
"16.175, -61.525",16.175,-61.525
"16.175, -61.55",16.175,-61.55
"16.175, -61.575",16.175,-61.575
"16.175, -61.8",16.175,-61.8
"16.175, -61.825",16.175,-61.825
"16.175, -61.85",16.175,-61.85
"16.175, -61.875",16.175,-61.875
"16.175, -61.9",16.175,-61.9
"16.175, -61.925",16.175,-61.925
"16.175, -61.95",16.175,-61.95
"16.175, -61.975",16.175,-61.975
"16.175, -62",16.175,-62
"16.175, -62.025",16.175,-62.025
"16.175, -62.05",16.175,-62.05
"16.175, -62.075",16.175,-62.075
"16.175, -62.1",16.175,-62.1
"16.175, -62.125",16.175,-62.125
"16.175, -62.15",16.175,-62.15
"16.175, -62.175",16.175,-62.175
"16.175, -62.2",16.175,-62.2
"16.2, -60.4",16.2,-60.4
"16.2, -60.425",16.2,-60.425
"16.2, -60.45",16.2,-60.45
"16.2, -60.475",16.2,-60.475
"16.2, -60.5",16.2,-60.5
"16.2, -60.525",16.2,-60.525
"16.2, -60.55",16.2,-60.55
"16.2, -60.575",16.2,-60.575
"16.2, -60.6",16.2,-60.6
"16.2, -60.625",16.2,-60.625
"16.2, -60.65",16.2,-60.65
"16.2, -60.675",16.2,-60.675
"16.2, -60.7",16.2,-60.7
"16.2, -60.725",16.2,-60.725
"16.2, -60.75",16.2,-60.75
"16.2, -60.775",16.2,-60.775
"16.2, -60.8",16.2,-60.8
"16.2, -60.825",16.2,-60.825
"16.2, -60.85",16.2,-60.85
"16.2, -60.875",16.2,-60.875
"16.2, -60.9",16.2,-60.9
"16.2, -60.925",16.2,-60.925
"16.2, -60.95",16.2,-60.95
"16.2, -60.975",16.2,-60.975
"16.2, -61",16.2,-61
"16.2, -61.025",16.2,-61.025
"16.2, -61.05",16.2,-61.05
"16.2, -61.075",16.2,-61.075
"16.2, -61.1",16.2,-61.1
"16.2, -61.125",16.2,-61.125
"16.2, -61.15",16.2,-61.15
"16.2, -61.175",16.2,-61.175
"16.2, -61.2",16.2,-61.2
"16.2, -61.225",16.2,-61.225
"16.2, -61.25",16.2,-61.25
"16.2, -61.275",16.2,-61.275
"16.2, -61.3",16.2,-61.3
"16.2, -61.325",16.2,-61.325
"16.2, -61.35",16.2,-61.35
"16.2, -61.375",16.2,-61.375
"16.2, -61.4",16.2,-61.4
"16.2, -61.425",16.2,-61.425
"16.2, -61.45",16.2,-61.45
"16.2, -61.475",16.2,-61.475
"16.2, -61.5",16.2,-61.5
"16.2, -61.525",16.2,-61.525
"16.2, -61.55",16.2,-61.55
"16.2, -61.575",16.2,-61.575
"16.2, -61.8",16.2,-61.8
"16.2, -61.825",16.2,-61.825
"16.2, -61.85",16.2,-61.85
"16.2, -61.875",16.2,-61.875
"16.2, -61.9",16.2,-61.9
"16.2, -61.925",16.2,-61.925
"16.2, -61.95",16.2,-61.95
"16.2, -61.975",16.2,-61.975
"16.2, -62",16.2,-62
"16.2, -62.025",16.2,-62.025
"16.2, -62.05",16.2,-62.05
"16.2, -62.075",16.2,-62.075
"16.2, -62.1",16.2,-62.1
"16.2, -62.125",16.2,-62.125
"16.2, -62.15",16.2,-62.15
"16.2, -62.175",16.2,-62.175
"16.2, -62.2",16.2,-62.2
"16.225, -60.4",16.225,-60.4
"16.225, -60.425",16.225,-60.425
"16.225, -60.45",16.225,-60.45
"16.225, -60.475",16.225,-60.475
"16.225, -60.5",16.225,-60.5
"16.225, -60.525",16.225,-60.525
"16.225, -60.55",16.225,-60.55
"16.225, -60.575",16.225,-60.575
"16.225, -60.6",16.225,-60.6
"16.225, -60.625",16.225,-60.625
"16.225, -60.65",16.225,-60.65
"16.225, -60.675",16.225,-60.675
"16.225, -60.7",16.225,-60.7
"16.225, -60.725",16.225,-60.725
"16.225, -60.75",16.225,-60.75
"16.225, -60.775",16.225,-60.775
"16.225, -60.8",16.225,-60.8
"16.225, -60.825",16.225,-60.825
"16.225, -60.85",16.225,-60.85
"16.225, -60.875",16.225,-60.875
"16.225, -60.9",16.225,-60.9
"16.225, -60.925",16.225,-60.925
"16.225, -60.95",16.225,-60.95
"16.225, -60.975",16.225,-60.975
"16.225, -61",16.225,-61
"16.225, -61.025",16.225,-61.025
"16.225, -61.05",16.225,-61.05
"16.225, -61.075",16.225,-61.075
"16.225, -61.1",16.225,-61.1
"16.225, -61.125",16.225,-61.125
"16.225, -61.15",16.225,-61.15
"16.225, -61.175",16.225,-61.175
"16.225, -61.2",16.225,-61.2
"16.225, -61.225",16.225,-61.225
"16.225, -61.25",16.225,-61.25
"16.225, -61.275",16.225,-61.275
"16.225, -61.3",16.225,-61.3
"16.225, -61.325",16.225,-61.325
"16.225, -61.35",16.225,-61.35
"16.225, -61.375",16.225,-61.375
"16.225, -61.575",16.225,-61.575
"16.225, -61.8",16.225,-61.8
"16.225, -61.825",16.225,-61.825
"16.225, -61.85",16.225,-61.85
"16.225, -61.875",16.225,-61.875
"16.225, -61.9",16.225,-61.9
"16.225, -61.925",16.225,-61.925
"16.225, -61.95",16.225,-61.95
"16.225, -61.975",16.225,-61.975
"16.225, -62",16.225,-62
"16.225, -62.025",16.225,-62.025
"16.225, -62.05",16.225,-62.05
"16.225, -62.075",16.225,-62.075
"16.225, -62.1",16.225,-62.1
"16.225, -62.125",16.225,-62.125
"16.225, -62.15",16.225,-62.15
"16.225, -62.175",16.225,-62.175
"16.225, -62.2",16.225,-62.2
"16.25, -60.4",16.25,-60.4
"16.25, -60.425",16.25,-60.425
"16.25, -60.45",16.25,-60.45
"16.25, -60.475",16.25,-60.475
"16.25, -60.5",16.25,-60.5
"16.25, -60.525",16.25,-60.525
"16.25, -60.55",16.25,-60.55
"16.25, -60.575",16.25,-60.575
"16.25, -60.6",16.25,-60.6
"16.25, -60.625",16.25,-60.625
"16.25, -60.65",16.25,-60.65
"16.25, -60.675",16.25,-60.675
"16.25, -60.7",16.25,-60.7
"16.25, -60.725",16.25,-60.725
"16.25, -60.75",16.25,-60.75
"16.25, -60.775",16.25,-60.775
"16.25, -60.8",16.25,-60.8
"16.25, -60.825",16.25,-60.825
"16.25, -60.85",16.25,-60.85
"16.25, -60.875",16.25,-60.875
"16.25, -60.9",16.25,-60.9
"16.25, -60.925",16.25,-60.925
"16.25, -60.95",16.25,-60.95
"16.25, -60.975",16.25,-60.975
"16.25, -61",16.25,-61
"16.25, -61.025",16.25,-61.025
"16.25, -61.05",16.25,-61.05
"16.25, -61.075",16.25,-61.075
"16.25, -61.1",16.25,-61.1
"16.25, -61.125",16.25,-61.125
"16.25, -61.15",16.25,-61.15
"16.25, -61.175",16.25,-61.175
"16.25, -61.225",16.25,-61.225
"16.25, -61.25",16.25,-61.25
"16.25, -61.275",16.25,-61.275
"16.25, -61.55",16.25,-61.55
"16.25, -61.825",16.25,-61.825
"16.25, -61.85",16.25,-61.85
"16.25, -61.875",16.25,-61.875
"16.25, -61.9",16.25,-61.9
"16.25, -61.925",16.25,-61.925
"16.25, -61.95",16.25,-61.95
"16.25, -61.975",16.25,-61.975
"16.25, -62",16.25,-62
"16.25, -62.025",16.25,-62.025
"16.25, -62.05",16.25,-62.05
"16.25, -62.075",16.25,-62.075
"16.25, -62.1",16.25,-62.1
"16.25, -62.125",16.25,-62.125
"16.25, -62.15",16.25,-62.15
"16.25, -62.175",16.25,-62.175
"16.25, -62.2",16.25,-62.2
"16.275, -60.4",16.275,-60.4
"16.275, -60.425",16.275,-60.425
"16.275, -60.45",16.275,-60.45
"16.275, -60.475",16.275,-60.475
"16.275, -60.5",16.275,-60.5
"16.275, -60.525",16.275,-60.525
"16.275, -60.55",16.275,-60.55
"16.275, -60.575",16.275,-60.575
"16.275, -60.6",16.275,-60.6
"16.275, -60.625",16.275,-60.625
"16.275, -60.65",16.275,-60.65
"16.275, -60.675",16.275,-60.675
"16.275, -60.7",16.275,-60.7
"16.275, -60.725",16.275,-60.725
"16.275, -60.75",16.275,-60.75
"16.275, -60.775",16.275,-60.775
"16.275, -60.8",16.275,-60.8
"16.275, -60.825",16.275,-60.825
"16.275, -60.85",16.275,-60.85
"16.275, -60.875",16.275,-60.875
"16.275, -60.9",16.275,-60.9
"16.275, -60.925",16.275,-60.925
"16.275, -60.95",16.275,-60.95
"16.275, -60.975",16.275,-60.975
"16.275, -61",16.275,-61
"16.275, -61.025",16.275,-61.025
"16.275, -61.05",16.275,-61.05
"16.275, -61.075",16.275,-61.075
"16.275, -61.1",16.275,-61.1
"16.275, -61.125",16.275,-61.125
"16.275, -61.15",16.275,-61.15
"16.275, -61.175",16.275,-61.175
"16.275, -61.2",16.275,-61.2
"16.275, -61.225",16.275,-61.225
"16.275, -61.825",16.275,-61.825
"16.275, -61.85",16.275,-61.85
"16.275, -61.875",16.275,-61.875
"16.275, -61.9",16.275,-61.9
"16.275, -61.925",16.275,-61.925
"16.275, -61.95",16.275,-61.95
"16.275, -61.975",16.275,-61.975
"16.275, -62",16.275,-62
"16.275, -62.025",16.275,-62.025
"16.275, -62.05",16.275,-62.05
"16.275, -62.075",16.275,-62.075
"16.275, -62.1",16.275,-62.1
"16.275, -62.125",16.275,-62.125
"16.275, -62.15",16.275,-62.15
"16.275, -62.175",16.275,-62.175
"16.275, -62.2",16.275,-62.2
"16.3, -60.4",16.3,-60.4
"16.3, -60.425",16.3,-60.425
"16.3, -60.45",16.3,-60.45
"16.3, -60.475",16.3,-60.475
"16.3, -60.5",16.3,-60.5
"16.3, -60.525",16.3,-60.525
"16.3, -60.55",16.3,-60.55
"16.3, -60.575",16.3,-60.575
"16.3, -60.6",16.3,-60.6
"16.3, -60.625",16.3,-60.625
"16.3, -60.65",16.3,-60.65
"16.3, -60.675",16.3,-60.675
"16.3, -60.7",16.3,-60.7
"16.3, -60.725",16.3,-60.725
"16.3, -60.75",16.3,-60.75
"16.3, -60.775",16.3,-60.775
"16.3, -60.8",16.3,-60.8
"16.3, -60.825",16.3,-60.825
"16.3, -60.85",16.3,-60.85
"16.3, -60.875",16.3,-60.875
"16.3, -60.9",16.3,-60.9
"16.3, -60.925",16.3,-60.925
"16.3, -60.95",16.3,-60.95
"16.3, -60.975",16.3,-60.975
"16.3, -61",16.3,-61
"16.3, -61.025",16.3,-61.025
"16.3, -61.05",16.3,-61.05
"16.3, -61.075",16.3,-61.075
"16.3, -61.1",16.3,-61.1
"16.3, -61.125",16.3,-61.125
"16.3, -61.15",16.3,-61.15
"16.3, -61.175",16.3,-61.175
"16.3, -61.2",16.3,-61.2
"16.3, -61.225",16.3,-61.225
"16.3, -61.25",16.3,-61.25
"16.3, -61.55",16.3,-61.55
"16.3, -61.575",16.3,-61.575
"16.3, -61.6",16.3,-61.6
"16.3, -61.825",16.3,-61.825
"16.3, -61.85",16.3,-61.85
"16.3, -61.875",16.3,-61.875
"16.3, -61.9",16.3,-61.9
"16.3, -61.925",16.3,-61.925
"16.3, -61.95",16.3,-61.95
"16.3, -61.975",16.3,-61.975
"16.3, -62",16.3,-62
"16.3, -62.025",16.3,-62.025
"16.3, -62.05",16.3,-62.05
"16.3, -62.075",16.3,-62.075
"16.3, -62.1",16.3,-62.1
"16.3, -62.125",16.3,-62.125
"16.3, -62.15",16.3,-62.15
"16.3, -62.175",16.3,-62.175
"16.3, -62.2",16.3,-62.2
"16.325, -60.4",16.325,-60.4
"16.325, -60.425",16.325,-60.425
"16.325, -60.45",16.325,-60.45
"16.325, -60.475",16.325,-60.475
"16.325, -60.5",16.325,-60.5
"16.325, -60.525",16.325,-60.525
"16.325, -60.55",16.325,-60.55
"16.325, -60.575",16.325,-60.575
"16.325, -60.6",16.325,-60.6
"16.325, -60.625",16.325,-60.625
"16.325, -60.65",16.325,-60.65
"16.325, -60.675",16.325,-60.675
"16.325, -60.7",16.325,-60.7
"16.325, -60.725",16.325,-60.725
"16.325, -60.75",16.325,-60.75
"16.325, -60.775",16.325,-60.775
"16.325, -60.8",16.325,-60.8
"16.325, -60.825",16.325,-60.825
"16.325, -60.85",16.325,-60.85
"16.325, -60.875",16.325,-60.875
"16.325, -60.9",16.325,-60.9
"16.325, -60.925",16.325,-60.925
"16.325, -60.95",16.325,-60.95
"16.325, -60.975",16.325,-60.975
"16.325, -61",16.325,-61
"16.325, -61.075",16.325,-61.075
"16.325, -61.1",16.325,-61.1
"16.325, -61.125",16.325,-61.125
"16.325, -61.15",16.325,-61.15
"16.325, -61.175",16.325,-61.175
"16.325, -61.2",16.325,-61.2
"16.325, -61.225",16.325,-61.225
"16.325, -61.25",16.325,-61.25
"16.325, -61.275",16.325,-61.275
"16.325, -61.55",16.325,-61.55
"16.325, -61.575",16.325,-61.575
"16.325, -61.6",16.325,-61.6
"16.325, -61.625",16.325,-61.625
"16.325, -61.65",16.325,-61.65
"16.325, -61.8",16.325,-61.8
"16.325, -61.825",16.325,-61.825
"16.325, -61.85",16.325,-61.85
"16.325, -61.875",16.325,-61.875
"16.325, -61.9",16.325,-61.9
"16.325, -61.925",16.325,-61.925
"16.325, -61.95",16.325,-61.95
"16.325, -61.975",16.325,-61.975
"16.325, -62",16.325,-62
"16.325, -62.025",16.325,-62.025
"16.325, -62.05",16.325,-62.05
"16.325, -62.075",16.325,-62.075
"16.325, -62.1",16.325,-62.1
"16.325, -62.125",16.325,-62.125
"16.325, -62.15",16.325,-62.15
"16.325, -62.175",16.325,-62.175
"16.325, -62.2",16.325,-62.2
"16.35, -60.4",16.35,-60.4
"16.35, -60.425",16.35,-60.425
"16.35, -60.45",16.35,-60.45
"16.35, -60.475",16.35,-60.475
"16.35, -60.5",16.35,-60.5
"16.35, -60.525",16.35,-60.525
"16.35, -60.55",16.35,-60.55
"16.35, -60.575",16.35,-60.575
"16.35, -60.6",16.35,-60.6
"16.35, -60.625",16.35,-60.625
"16.35, -60.65",16.35,-60.65
"16.35, -60.675",16.35,-60.675
"16.35, -60.7",16.35,-60.7
"16.35, -60.725",16.35,-60.725
"16.35, -60.75",16.35,-60.75
"16.35, -60.775",16.35,-60.775
"16.35, -60.8",16.35,-60.8
"16.35, -60.825",16.35,-60.825
"16.35, -60.85",16.35,-60.85
"16.35, -60.875",16.35,-60.875
"16.35, -60.9",16.35,-60.9
"16.35, -60.925",16.35,-60.925
"16.35, -60.95",16.35,-60.95
"16.35, -60.975",16.35,-60.975
"16.35, -61",16.35,-61
"16.35, -61.025",16.35,-61.025
"16.35, -61.05",16.35,-61.05
"16.35, -61.075",16.35,-61.075
"16.35, -61.1",16.35,-61.1
"16.35, -61.125",16.35,-61.125
"16.35, -61.15",16.35,-61.15
"16.35, -61.175",16.35,-61.175
"16.35, -61.2",16.35,-61.2
"16.35, -61.225",16.35,-61.225
"16.35, -61.25",16.35,-61.25
"16.35, -61.275",16.35,-61.275
"16.35, -61.3",16.35,-61.3
"16.35, -61.325",16.35,-61.325
"16.35, -61.35",16.35,-61.35
"16.35, -61.375",16.35,-61.375
"16.35, -61.55",16.35,-61.55
"16.35, -61.575",16.35,-61.575
"16.35, -61.6",16.35,-61.6
"16.35, -61.625",16.35,-61.625
"16.35, -61.65",16.35,-61.65
"16.35, -61.675",16.35,-61.675
"16.35, -61.7",16.35,-61.7
"16.35, -61.775",16.35,-61.775
"16.35, -61.8",16.35,-61.8
"16.35, -61.825",16.35,-61.825
"16.35, -61.85",16.35,-61.85
"16.35, -61.875",16.35,-61.875
"16.35, -61.9",16.35,-61.9
"16.35, -61.925",16.35,-61.925
"16.35, -61.95",16.35,-61.95
"16.35, -61.975",16.35,-61.975
"16.35, -62",16.35,-62
"16.35, -62.025",16.35,-62.025
"16.35, -62.05",16.35,-62.05
"16.35, -62.075",16.35,-62.075
"16.35, -62.1",16.35,-62.1
"16.35, -62.125",16.35,-62.125
"16.35, -62.15",16.35,-62.15
"16.35, -62.175",16.35,-62.175
"16.35, -62.2",16.35,-62.2
"16.375, -60.4",16.375,-60.4
"16.375, -60.425",16.375,-60.425
"16.375, -60.45",16.375,-60.45
"16.375, -60.475",16.375,-60.475
"16.375, -60.5",16.375,-60.5
"16.375, -60.525",16.375,-60.525
"16.375, -60.55",16.375,-60.55
"16.375, -60.575",16.375,-60.575
"16.375, -60.6",16.375,-60.6
"16.375, -60.625",16.375,-60.625
"16.375, -60.65",16.375,-60.65
"16.375, -60.675",16.375,-60.675
"16.375, -60.7",16.375,-60.7
"16.375, -60.725",16.375,-60.725
"16.375, -60.75",16.375,-60.75
"16.375, -60.775",16.375,-60.775
"16.375, -60.8",16.375,-60.8
"16.375, -60.825",16.375,-60.825
"16.375, -60.85",16.375,-60.85
"16.375, -60.875",16.375,-60.875
"16.375, -60.9",16.375,-60.9
"16.375, -60.925",16.375,-60.925
"16.375, -60.95",16.375,-60.95
"16.375, -60.975",16.375,-60.975
"16.375, -61",16.375,-61
"16.375, -61.025",16.375,-61.025
"16.375, -61.05",16.375,-61.05
"16.375, -61.075",16.375,-61.075
"16.375, -61.1",16.375,-61.1
"16.375, -61.125",16.375,-61.125
"16.375, -61.15",16.375,-61.15
"16.375, -61.175",16.375,-61.175
"16.375, -61.2",16.375,-61.2
"16.375, -61.225",16.375,-61.225
"16.375, -61.25",16.375,-61.25
"16.375, -61.275",16.375,-61.275
"16.375, -61.3",16.375,-61.3
"16.375, -61.325",16.375,-61.325
"16.375, -61.35",16.375,-61.35
"16.375, -61.375",16.375,-61.375
"16.375, -61.4",16.375,-61.4
"16.375, -61.5",16.375,-61.5
"16.375, -61.525",16.375,-61.525
"16.375, -61.55",16.375,-61.55
"16.375, -61.575",16.375,-61.575
"16.375, -61.6",16.375,-61.6
"16.375, -61.625",16.375,-61.625
"16.375, -61.65",16.375,-61.65
"16.375, -61.675",16.375,-61.675
"16.375, -61.7",16.375,-61.7
"16.375, -61.725",16.375,-61.725
"16.375, -61.75",16.375,-61.75
"16.375, -61.775",16.375,-61.775
"16.375, -61.8",16.375,-61.8
"16.375, -61.825",16.375,-61.825
"16.375, -61.85",16.375,-61.85
"16.375, -61.875",16.375,-61.875
"16.375, -61.9",16.375,-61.9
"16.375, -61.925",16.375,-61.925
"16.375, -61.95",16.375,-61.95
"16.375, -61.975",16.375,-61.975
"16.375, -62",16.375,-62
"16.375, -62.025",16.375,-62.025
"16.375, -62.05",16.375,-62.05
"16.375, -62.075",16.375,-62.075
"16.375, -62.1",16.375,-62.1
"16.375, -62.125",16.375,-62.125
"16.375, -62.15",16.375,-62.15
"16.375, -62.175",16.375,-62.175
"16.375, -62.2",16.375,-62.2
"16.4, -60.4",16.4,-60.4
"16.4, -60.425",16.4,-60.425
"16.4, -60.45",16.4,-60.45
"16.4, -60.475",16.4,-60.475
"16.4, -60.5",16.4,-60.5
"16.4, -60.525",16.4,-60.525
"16.4, -60.55",16.4,-60.55
"16.4, -60.575",16.4,-60.575
"16.4, -60.6",16.4,-60.6
"16.4, -60.625",16.4,-60.625
"16.4, -60.65",16.4,-60.65
"16.4, -60.675",16.4,-60.675
"16.4, -60.7",16.4,-60.7
"16.4, -60.725",16.4,-60.725
"16.4, -60.75",16.4,-60.75
"16.4, -60.775",16.4,-60.775
"16.4, -60.8",16.4,-60.8
"16.4, -60.825",16.4,-60.825
"16.4, -60.85",16.4,-60.85
"16.4, -60.875",16.4,-60.875
"16.4, -60.9",16.4,-60.9
"16.4, -60.925",16.4,-60.925
"16.4, -60.95",16.4,-60.95
"16.4, -60.975",16.4,-60.975
"16.4, -61",16.4,-61
"16.4, -61.025",16.4,-61.025
"16.4, -61.05",16.4,-61.05
"16.4, -61.075",16.4,-61.075
"16.4, -61.1",16.4,-61.1
"16.4, -61.125",16.4,-61.125
"16.4, -61.15",16.4,-61.15
"16.4, -61.175",16.4,-61.175
"16.4, -61.2",16.4,-61.2
"16.4, -61.225",16.4,-61.225
"16.4, -61.25",16.4,-61.25
"16.4, -61.275",16.4,-61.275
"16.4, -61.3",16.4,-61.3
"16.4, -61.325",16.4,-61.325
"16.4, -61.35",16.4,-61.35
"16.4, -61.375",16.4,-61.375
"16.4, -61.4",16.4,-61.4
"16.4, -61.55",16.4,-61.55
"16.4, -61.575",16.4,-61.575
"16.4, -61.6",16.4,-61.6
"16.4, -61.625",16.4,-61.625
"16.4, -61.65",16.4,-61.65
"16.4, -61.675",16.4,-61.675
"16.4, -61.7",16.4,-61.7
"16.4, -61.725",16.4,-61.725
"16.4, -61.75",16.4,-61.75
"16.4, -61.775",16.4,-61.775
"16.4, -61.8",16.4,-61.8
"16.4, -61.825",16.4,-61.825
"16.4, -61.85",16.4,-61.85
"16.4, -61.875",16.4,-61.875
"16.4, -61.9",16.4,-61.9
"16.4, -61.925",16.4,-61.925
"16.4, -61.95",16.4,-61.95
"16.4, -61.975",16.4,-61.975
"16.4, -62",16.4,-62
"16.4, -62.025",16.4,-62.025
"16.4, -62.05",16.4,-62.05
"16.4, -62.075",16.4,-62.075
"16.4, -62.1",16.4,-62.1
"16.4, -62.125",16.4,-62.125
"16.4, -62.15",16.4,-62.15
"16.4, -62.175",16.4,-62.175
"16.4, -62.2",16.4,-62.2
"16.425, -60.4",16.425,-60.4
"16.425, -60.425",16.425,-60.425
"16.425, -60.45",16.425,-60.45
"16.425, -60.475",16.425,-60.475
"16.425, -60.5",16.425,-60.5
"16.425, -60.525",16.425,-60.525
"16.425, -60.55",16.425,-60.55
"16.425, -60.575",16.425,-60.575
"16.425, -60.6",16.425,-60.6
"16.425, -60.625",16.425,-60.625
"16.425, -60.65",16.425,-60.65
"16.425, -60.675",16.425,-60.675
"16.425, -60.7",16.425,-60.7
"16.425, -60.725",16.425,-60.725
"16.425, -60.75",16.425,-60.75
"16.425, -60.775",16.425,-60.775
"16.425, -60.8",16.425,-60.8
"16.425, -60.825",16.425,-60.825
"16.425, -60.85",16.425,-60.85
"16.425, -60.875",16.425,-60.875
"16.425, -60.9",16.425,-60.9
"16.425, -60.925",16.425,-60.925
"16.425, -60.95",16.425,-60.95
"16.425, -60.975",16.425,-60.975
"16.425, -61",16.425,-61
"16.425, -61.025",16.425,-61.025
"16.425, -61.05",16.425,-61.05
"16.425, -61.075",16.425,-61.075
"16.425, -61.1",16.425,-61.1
"16.425, -61.125",16.425,-61.125
"16.425, -61.15",16.425,-61.15
"16.425, -61.175",16.425,-61.175
"16.425, -61.2",16.425,-61.2
"16.425, -61.225",16.425,-61.225
"16.425, -61.25",16.425,-61.25
"16.425, -61.275",16.425,-61.275
"16.425, -61.3",16.425,-61.3
"16.425, -61.325",16.425,-61.325
"16.425, -61.35",16.425,-61.35
"16.425, -61.375",16.425,-61.375
"16.425, -61.55",16.425,-61.55
"16.425, -61.575",16.425,-61.575
"16.425, -61.6",16.425,-61.6
"16.425, -61.625",16.425,-61.625
"16.425, -61.65",16.425,-61.65
"16.425, -61.675",16.425,-61.675
"16.425, -61.7",16.425,-61.7
"16.425, -61.725",16.425,-61.725
"16.425, -61.75",16.425,-61.75
"16.425, -61.775",16.425,-61.775
"16.425, -61.8",16.425,-61.8
"16.425, -61.825",16.425,-61.825
"16.425, -61.85",16.425,-61.85
"16.425, -61.875",16.425,-61.875
"16.425, -61.9",16.425,-61.9
"16.425, -61.925",16.425,-61.925
"16.425, -61.95",16.425,-61.95
"16.425, -61.975",16.425,-61.975
"16.425, -62",16.425,-62
"16.425, -62.025",16.425,-62.025
"16.425, -62.05",16.425,-62.05
"16.425, -62.075",16.425,-62.075
"16.425, -62.1",16.425,-62.1
"16.425, -62.125",16.425,-62.125
"16.425, -62.15",16.425,-62.15
"16.425, -62.175",16.425,-62.175
"16.425, -62.2",16.425,-62.2
"16.45, -60.4",16.45,-60.4
"16.45, -60.425",16.45,-60.425
"16.45, -60.45",16.45,-60.45
"16.45, -60.475",16.45,-60.475
"16.45, -60.5",16.45,-60.5
"16.45, -60.525",16.45,-60.525
"16.45, -60.55",16.45,-60.55
"16.45, -60.575",16.45,-60.575
"16.45, -60.6",16.45,-60.6
"16.45, -60.625",16.45,-60.625
"16.45, -60.65",16.45,-60.65
"16.45, -60.675",16.45,-60.675
"16.45, -60.7",16.45,-60.7
"16.45, -60.725",16.45,-60.725
"16.45, -60.75",16.45,-60.75
"16.45, -60.775",16.45,-60.775
"16.45, -60.8",16.45,-60.8
"16.45, -60.825",16.45,-60.825
"16.45, -60.85",16.45,-60.85
"16.45, -60.875",16.45,-60.875
"16.45, -60.9",16.45,-60.9
"16.45, -60.925",16.45,-60.925
"16.45, -60.95",16.45,-60.95
"16.45, -60.975",16.45,-60.975
"16.45, -61",16.45,-61
"16.45, -61.025",16.45,-61.025
"16.45, -61.05",16.45,-61.05
"16.45, -61.075",16.45,-61.075
"16.45, -61.1",16.45,-61.1
"16.45, -61.125",16.45,-61.125
"16.45, -61.15",16.45,-61.15
"16.45, -61.175",16.45,-61.175
"16.45, -61.2",16.45,-61.2
"16.45, -61.225",16.45,-61.225
"16.45, -61.25",16.45,-61.25
"16.45, -61.275",16.45,-61.275
"16.45, -61.3",16.45,-61.3
"16.45, -61.325",16.45,-61.325
"16.45, -61.35",16.45,-61.35
"16.45, -61.375",16.45,-61.375
"16.45, -61.4",16.45,-61.4
"16.45, -61.55",16.45,-61.55
"16.45, -61.575",16.45,-61.575
"16.45, -61.6",16.45,-61.6
"16.45, -61.625",16.45,-61.625
"16.45, -61.65",16.45,-61.65
"16.45, -61.675",16.45,-61.675
"16.45, -61.7",16.45,-61.7
"16.45, -61.725",16.45,-61.725
"16.45, -61.75",16.45,-61.75
"16.45, -61.775",16.45,-61.775
"16.45, -61.8",16.45,-61.8
"16.45, -61.825",16.45,-61.825
"16.45, -61.85",16.45,-61.85
"16.45, -61.875",16.45,-61.875
"16.45, -61.9",16.45,-61.9
"16.45, -61.925",16.45,-61.925
"16.45, -61.95",16.45,-61.95
"16.45, -61.975",16.45,-61.975
"16.45, -62",16.45,-62
"16.45, -62.025",16.45,-62.025
"16.45, -62.05",16.45,-62.05
"16.45, -62.075",16.45,-62.075
"16.45, -62.1",16.45,-62.1
"16.45, -62.125",16.45,-62.125
"16.45, -62.15",16.45,-62.15
"16.45, -62.175",16.45,-62.175
"16.45, -62.2",16.45,-62.2
"16.475, -60.4",16.475,-60.4
"16.475, -60.425",16.475,-60.425
"16.475, -60.45",16.475,-60.45
"16.475, -60.475",16.475,-60.475
"16.475, -60.5",16.475,-60.5
"16.475, -60.525",16.475,-60.525
"16.475, -60.55",16.475,-60.55
"16.475, -60.575",16.475,-60.575
"16.475, -60.6",16.475,-60.6
"16.475, -60.625",16.475,-60.625
"16.475, -60.65",16.475,-60.65
"16.475, -60.675",16.475,-60.675
"16.475, -60.7",16.475,-60.7
"16.475, -60.725",16.475,-60.725
"16.475, -60.75",16.475,-60.75
"16.475, -60.775",16.475,-60.775
"16.475, -60.8",16.475,-60.8
"16.475, -60.825",16.475,-60.825
"16.475, -60.85",16.475,-60.85
"16.475, -60.875",16.475,-60.875
"16.475, -60.9",16.475,-60.9
"16.475, -60.925",16.475,-60.925
"16.475, -60.95",16.475,-60.95
"16.475, -60.975",16.475,-60.975
"16.475, -61",16.475,-61
"16.475, -61.025",16.475,-61.025
"16.475, -61.05",16.475,-61.05
"16.475, -61.075",16.475,-61.075
"16.475, -61.1",16.475,-61.1
"16.475, -61.125",16.475,-61.125
"16.475, -61.15",16.475,-61.15
"16.475, -61.175",16.475,-61.175
"16.475, -61.2",16.475,-61.2
"16.475, -61.225",16.475,-61.225
"16.475, -61.25",16.475,-61.25
"16.475, -61.275",16.475,-61.275
"16.475, -61.3",16.475,-61.3
"16.475, -61.325",16.475,-61.325
"16.475, -61.35",16.475,-61.35
"16.475, -61.375",16.475,-61.375
"16.475, -61.4",16.475,-61.4
"16.475, -61.525",16.475,-61.525
"16.475, -61.55",16.475,-61.55
"16.475, -61.575",16.475,-61.575
"16.475, -61.6",16.475,-61.6
"16.475, -61.625",16.475,-61.625
"16.475, -61.65",16.475,-61.65
"16.475, -61.675",16.475,-61.675
"16.475, -61.7",16.475,-61.7
"16.475, -61.725",16.475,-61.725
"16.475, -61.75",16.475,-61.75
"16.475, -61.775",16.475,-61.775
"16.475, -61.8",16.475,-61.8
"16.475, -61.825",16.475,-61.825
"16.475, -61.85",16.475,-61.85
"16.475, -61.875",16.475,-61.875
"16.475, -61.9",16.475,-61.9
"16.475, -61.925",16.475,-61.925
"16.475, -61.95",16.475,-61.95
"16.475, -61.975",16.475,-61.975
"16.475, -62",16.475,-62
"16.475, -62.025",16.475,-62.025
"16.475, -62.05",16.475,-62.05
"16.475, -62.075",16.475,-62.075
"16.475, -62.1",16.475,-62.1
"16.475, -62.125",16.475,-62.125
"16.475, -62.15",16.475,-62.15
"16.475, -62.175",16.475,-62.175
"16.475, -62.2",16.475,-62.2
"16.5, -60.4",16.5,-60.4
"16.5, -60.425",16.5,-60.425
"16.5, -60.45",16.5,-60.45
"16.5, -60.475",16.5,-60.475
"16.5, -60.5",16.5,-60.5
"16.5, -60.525",16.5,-60.525
"16.5, -60.55",16.5,-60.55
"16.5, -60.575",16.5,-60.575
"16.5, -60.6",16.5,-60.6
"16.5, -60.625",16.5,-60.625
"16.5, -60.65",16.5,-60.65
"16.5, -60.675",16.5,-60.675
"16.5, -60.7",16.5,-60.7
"16.5, -60.725",16.5,-60.725
"16.5, -60.75",16.5,-60.75
"16.5, -60.775",16.5,-60.775
"16.5, -60.8",16.5,-60.8
"16.5, -60.825",16.5,-60.825
"16.5, -60.85",16.5,-60.85
"16.5, -60.875",16.5,-60.875
"16.5, -60.9",16.5,-60.9
"16.5, -60.925",16.5,-60.925
"16.5, -60.95",16.5,-60.95
"16.5, -60.975",16.5,-60.975
"16.5, -61",16.5,-61
"16.5, -61.025",16.5,-61.025
"16.5, -61.05",16.5,-61.05
"16.5, -61.075",16.5,-61.075
"16.5, -61.1",16.5,-61.1
"16.5, -61.125",16.5,-61.125
"16.5, -61.15",16.5,-61.15
"16.5, -61.175",16.5,-61.175
"16.5, -61.2",16.5,-61.2
"16.5, -61.225",16.5,-61.225
"16.5, -61.25",16.5,-61.25
"16.5, -61.275",16.5,-61.275
"16.5, -61.3",16.5,-61.3
"16.5, -61.325",16.5,-61.325
"16.5, -61.35",16.5,-61.35
"16.5, -61.375",16.5,-61.375
"16.5, -61.4",16.5,-61.4
"16.5, -61.425",16.5,-61.425
"16.5, -61.45",16.5,-61.45
"16.5, -61.5",16.5,-61.5
"16.5, -61.525",16.5,-61.525
"16.5, -61.55",16.5,-61.55
"16.5, -61.575",16.5,-61.575
"16.5, -61.6",16.5,-61.6
"16.5, -61.625",16.5,-61.625
"16.5, -61.65",16.5,-61.65
"16.5, -61.675",16.5,-61.675
"16.5, -61.7",16.5,-61.7
"16.5, -61.725",16.5,-61.725
"16.5, -61.75",16.5,-61.75
"16.5, -61.775",16.5,-61.775
"16.5, -61.8",16.5,-61.8
"16.5, -61.825",16.5,-61.825
"16.5, -61.85",16.5,-61.85
"16.5, -61.875",16.5,-61.875
"16.5, -61.9",16.5,-61.9
"16.5, -61.925",16.5,-61.925
"16.5, -61.95",16.5,-61.95
"16.5, -61.975",16.5,-61.975
"16.5, -62",16.5,-62
"16.5, -62.025",16.5,-62.025
"16.5, -62.05",16.5,-62.05
"16.5, -62.075",16.5,-62.075
"16.5, -62.1",16.5,-62.1
"16.5, -62.125",16.5,-62.125
"16.5, -62.15",16.5,-62.15
"16.5, -62.175",16.5,-62.175
"16.5, -62.2",16.5,-62.2
"16.525, -60.4",16.525,-60.4
"16.525, -60.425",16.525,-60.425
"16.525, -60.45",16.525,-60.45
"16.525, -60.475",16.525,-60.475
"16.525, -60.5",16.525,-60.5
"16.525, -60.525",16.525,-60.525
"16.525, -60.55",16.525,-60.55
"16.525, -60.575",16.525,-60.575
"16.525, -60.6",16.525,-60.6
"16.525, -60.625",16.525,-60.625
"16.525, -60.65",16.525,-60.65
"16.525, -60.675",16.525,-60.675
"16.525, -60.7",16.525,-60.7
"16.525, -60.725",16.525,-60.725
"16.525, -60.75",16.525,-60.75
"16.525, -60.775",16.525,-60.775
"16.525, -60.8",16.525,-60.8
"16.525, -60.825",16.525,-60.825
"16.525, -60.85",16.525,-60.85
"16.525, -60.875",16.525,-60.875
"16.525, -60.9",16.525,-60.9
"16.525, -60.925",16.525,-60.925
"16.525, -60.95",16.525,-60.95
"16.525, -60.975",16.525,-60.975
"16.525, -61",16.525,-61
"16.525, -61.025",16.525,-61.025
"16.525, -61.05",16.525,-61.05
"16.525, -61.075",16.525,-61.075
"16.525, -61.1",16.525,-61.1
"16.525, -61.125",16.525,-61.125
"16.525, -61.15",16.525,-61.15
"16.525, -61.175",16.525,-61.175
"16.525, -61.2",16.525,-61.2
"16.525, -61.225",16.525,-61.225
"16.525, -61.25",16.525,-61.25
"16.525, -61.275",16.525,-61.275
"16.525, -61.3",16.525,-61.3
"16.525, -61.325",16.525,-61.325
"16.525, -61.35",16.525,-61.35
"16.525, -61.375",16.525,-61.375
"16.525, -61.4",16.525,-61.4
"16.525, -61.425",16.525,-61.425
"16.525, -61.45",16.525,-61.45
"16.525, -61.475",16.525,-61.475
"16.525, -61.5",16.525,-61.5
"16.525, -61.525",16.525,-61.525
"16.525, -61.55",16.525,-61.55
"16.525, -61.575",16.525,-61.575
"16.525, -61.6",16.525,-61.6
"16.525, -61.625",16.525,-61.625
"16.525, -61.65",16.525,-61.65
"16.525, -61.675",16.525,-61.675
"16.525, -61.7",16.525,-61.7
"16.525, -61.725",16.525,-61.725
"16.525, -61.75",16.525,-61.75
"16.525, -61.775",16.525,-61.775
"16.525, -61.8",16.525,-61.8
"16.525, -61.825",16.525,-61.825
"16.525, -61.85",16.525,-61.85
"16.525, -61.875",16.525,-61.875
"16.525, -61.9",16.525,-61.9
"16.525, -61.925",16.525,-61.925
"16.525, -61.95",16.525,-61.95
"16.525, -61.975",16.525,-61.975
"16.525, -62",16.525,-62
"16.525, -62.025",16.525,-62.025
"16.525, -62.05",16.525,-62.05
"16.525, -62.075",16.525,-62.075
"16.525, -62.1",16.525,-62.1
"16.525, -62.125",16.525,-62.125
"16.525, -62.15",16.525,-62.15
"16.525, -62.175",16.525,-62.175
"16.525, -62.2",16.525,-62.2
"16.55, -60.4",16.55,-60.4
"16.55, -60.425",16.55,-60.425
"16.55, -60.45",16.55,-60.45
"16.55, -60.475",16.55,-60.475
"16.55, -60.5",16.55,-60.5
"16.55, -60.525",16.55,-60.525
"16.55, -60.55",16.55,-60.55
"16.55, -60.575",16.55,-60.575
"16.55, -60.6",16.55,-60.6
"16.55, -60.625",16.55,-60.625
"16.55, -60.65",16.55,-60.65
"16.55, -60.675",16.55,-60.675
"16.55, -60.7",16.55,-60.7
"16.55, -60.725",16.55,-60.725
"16.55, -60.75",16.55,-60.75
"16.55, -60.775",16.55,-60.775
"16.55, -60.8",16.55,-60.8
"16.55, -60.825",16.55,-60.825
"16.55, -60.85",16.55,-60.85
"16.55, -60.875",16.55,-60.875
"16.55, -60.9",16.55,-60.9
"16.55, -60.925",16.55,-60.925
"16.55, -60.95",16.55,-60.95
"16.55, -60.975",16.55,-60.975
"16.55, -61",16.55,-61
"16.55, -61.025",16.55,-61.025
"16.55, -61.05",16.55,-61.05
"16.55, -61.075",16.55,-61.075
"16.55, -61.1",16.55,-61.1
"16.55, -61.125",16.55,-61.125
"16.55, -61.15",16.55,-61.15
"16.55, -61.175",16.55,-61.175
"16.55, -61.2",16.55,-61.2
"16.55, -61.225",16.55,-61.225
"16.55, -61.25",16.55,-61.25
"16.55, -61.275",16.55,-61.275
"16.55, -61.3",16.55,-61.3
"16.55, -61.325",16.55,-61.325
"16.55, -61.35",16.55,-61.35
"16.55, -61.375",16.55,-61.375
"16.55, -61.4",16.55,-61.4
"16.55, -61.425",16.55,-61.425
"16.55, -61.45",16.55,-61.45
"16.55, -61.475",16.55,-61.475
"16.55, -61.5",16.55,-61.5
"16.55, -61.525",16.55,-61.525
"16.55, -61.55",16.55,-61.55
"16.55, -61.575",16.55,-61.575
"16.55, -61.6",16.55,-61.6
"16.55, -61.625",16.55,-61.625
"16.55, -61.65",16.55,-61.65
"16.55, -61.675",16.55,-61.675
"16.55, -61.7",16.55,-61.7
"16.55, -61.725",16.55,-61.725
"16.55, -61.75",16.55,-61.75
"16.55, -61.775",16.55,-61.775
"16.55, -61.8",16.55,-61.8
"16.55, -61.825",16.55,-61.825
"16.55, -61.85",16.55,-61.85
"16.55, -61.875",16.55,-61.875
"16.55, -61.9",16.55,-61.9
"16.55, -61.925",16.55,-61.925
"16.55, -61.95",16.55,-61.95
"16.55, -61.975",16.55,-61.975
"16.55, -62",16.55,-62
"16.55, -62.025",16.55,-62.025
"16.55, -62.05",16.55,-62.05
"16.55, -62.075",16.55,-62.075
"16.55, -62.1",16.55,-62.1
"16.55, -62.125",16.55,-62.125
"16.55, -62.15",16.55,-62.15
"16.55, -62.175",16.55,-62.175
"16.55, -62.2",16.55,-62.2
"16.575, -60.4",16.575,-60.4
"16.575, -60.425",16.575,-60.425
"16.575, -60.45",16.575,-60.45
"16.575, -60.475",16.575,-60.475
"16.575, -60.5",16.575,-60.5
"16.575, -60.525",16.575,-60.525
"16.575, -60.55",16.575,-60.55
"16.575, -60.575",16.575,-60.575
"16.575, -60.6",16.575,-60.6
"16.575, -60.625",16.575,-60.625
"16.575, -60.65",16.575,-60.65
"16.575, -60.675",16.575,-60.675
"16.575, -60.7",16.575,-60.7
"16.575, -60.725",16.575,-60.725
"16.575, -60.75",16.575,-60.75
"16.575, -60.775",16.575,-60.775
"16.575, -60.8",16.575,-60.8
"16.575, -60.825",16.575,-60.825
"16.575, -60.85",16.575,-60.85
"16.575, -60.875",16.575,-60.875
"16.575, -60.9",16.575,-60.9
"16.575, -60.925",16.575,-60.925
"16.575, -60.95",16.575,-60.95
"16.575, -60.975",16.575,-60.975
"16.575, -61",16.575,-61
"16.575, -61.025",16.575,-61.025
"16.575, -61.05",16.575,-61.05
"16.575, -61.075",16.575,-61.075
"16.575, -61.1",16.575,-61.1
"16.575, -61.125",16.575,-61.125
"16.575, -61.15",16.575,-61.15
"16.575, -61.175",16.575,-61.175
"16.575, -61.2",16.575,-61.2
"16.575, -61.225",16.575,-61.225
"16.575, -61.25",16.575,-61.25
"16.575, -61.275",16.575,-61.275
"16.575, -61.3",16.575,-61.3
"16.575, -61.325",16.575,-61.325
"16.575, -61.35",16.575,-61.35
"16.575, -61.375",16.575,-61.375
"16.575, -61.4",16.575,-61.4
"16.575, -61.425",16.575,-61.425
"16.575, -61.45",16.575,-61.45
"16.575, -61.475",16.575,-61.475
"16.575, -61.5",16.575,-61.5
"16.575, -61.525",16.575,-61.525
"16.575, -61.55",16.575,-61.55
"16.575, -61.575",16.575,-61.575
"16.575, -61.6",16.575,-61.6
"16.575, -61.625",16.575,-61.625
"16.575, -61.65",16.575,-61.65
"16.575, -61.675",16.575,-61.675
"16.575, -61.7",16.575,-61.7
"16.575, -61.725",16.575,-61.725
"16.575, -61.75",16.575,-61.75
"16.575, -61.775",16.575,-61.775
"16.575, -61.8",16.575,-61.8
"16.575, -61.825",16.575,-61.825
"16.575, -61.85",16.575,-61.85
"16.575, -61.875",16.575,-61.875
"16.575, -61.9",16.575,-61.9
"16.575, -61.925",16.575,-61.925
"16.575, -61.95",16.575,-61.95
"16.575, -61.975",16.575,-61.975
"16.575, -62",16.575,-62
"16.575, -62.025",16.575,-62.025
"16.575, -62.05",16.575,-62.05
"16.575, -62.075",16.575,-62.075
"16.575, -62.1",16.575,-62.1
"16.575, -62.125",16.575,-62.125
"16.575, -62.15",16.575,-62.15
"16.575, -62.175",16.575,-62.175
"16.575, -62.2",16.575,-62.2
"16.6, -60.4",16.6,-60.4
"16.6, -60.425",16.6,-60.425
"16.6, -60.45",16.6,-60.45
"16.6, -60.475",16.6,-60.475
"16.6, -60.5",16.6,-60.5
"16.6, -60.525",16.6,-60.525
"16.6, -60.55",16.6,-60.55
"16.6, -60.575",16.6,-60.575
"16.6, -60.6",16.6,-60.6
"16.6, -60.625",16.6,-60.625
"16.6, -60.65",16.6,-60.65
"16.6, -60.675",16.6,-60.675
"16.6, -60.7",16.6,-60.7
"16.6, -60.725",16.6,-60.725
"16.6, -60.75",16.6,-60.75
"16.6, -60.775",16.6,-60.775
"16.6, -60.8",16.6,-60.8
"16.6, -60.825",16.6,-60.825
"16.6, -60.85",16.6,-60.85
"16.6, -60.875",16.6,-60.875
"16.6, -60.9",16.6,-60.9
"16.6, -60.925",16.6,-60.925
"16.6, -60.95",16.6,-60.95
"16.6, -60.975",16.6,-60.975
"16.6, -61",16.6,-61
"16.6, -61.025",16.6,-61.025
"16.6, -61.05",16.6,-61.05
"16.6, -61.075",16.6,-61.075
"16.6, -61.1",16.6,-61.1
"16.6, -61.125",16.6,-61.125
"16.6, -61.15",16.6,-61.15
"16.6, -61.175",16.6,-61.175
"16.6, -61.2",16.6,-61.2
"16.6, -61.225",16.6,-61.225
"16.6, -61.25",16.6,-61.25
"16.6, -61.275",16.6,-61.275
"16.6, -61.3",16.6,-61.3
"16.6, -61.325",16.6,-61.325
"16.6, -61.35",16.6,-61.35
"16.6, -61.375",16.6,-61.375
"16.6, -61.4",16.6,-61.4
"16.6, -61.425",16.6,-61.425
"16.6, -61.45",16.6,-61.45
"16.6, -61.475",16.6,-61.475
"16.6, -61.5",16.6,-61.5
"16.6, -61.525",16.6,-61.525
"16.6, -61.55",16.6,-61.55
"16.6, -61.575",16.6,-61.575
"16.6, -61.6",16.6,-61.6
"16.6, -61.625",16.6,-61.625
"16.6, -61.65",16.6,-61.65
"16.6, -61.675",16.6,-61.675
"16.6, -61.7",16.6,-61.7
"16.6, -61.725",16.6,-61.725
"16.6, -61.75",16.6,-61.75
"16.6, -61.775",16.6,-61.775
"16.6, -61.8",16.6,-61.8
"16.6, -61.825",16.6,-61.825
"16.6, -61.85",16.6,-61.85
"16.6, -61.875",16.6,-61.875
"16.6, -61.9",16.6,-61.9
"16.6, -61.925",16.6,-61.925
"16.6, -61.95",16.6,-61.95
"16.6, -61.975",16.6,-61.975
"16.6, -62",16.6,-62
"16.6, -62.025",16.6,-62.025
"16.6, -62.05",16.6,-62.05
"16.6, -62.075",16.6,-62.075
"16.6, -62.1",16.6,-62.1
"16.6, -62.125",16.6,-62.125
"16.6, -62.15",16.6,-62.15
"16.6, -62.175",16.6,-62.175
"16.6, -62.2",16.6,-62.2
